hop,mode,rep,i,warmup,ms,bytes_out,bytes_in
H1-edge,hybrid,1,0,1,0.604,1550,2033
H1-edge,hybrid,1,1,1,0.457,1550,2032
H1-edge,hybrid,1,2,1,0.439,1550,2031
H1-edge,hybrid,1,3,1,0.413,1550,2032
H1-edge,hybrid,1,4,1,0.385,1550,2033
H1-edge,hybrid,1,5,1,0.377,1550,2033
H1-edge,hybrid,1,6,1,0.389,1550,2031
H1-edge,hybrid,1,7,1,0.386,1550,2030
H1-edge,hybrid,1,8,1,0.44,1550,2032
H1-edge,hybrid,1,9,1,0.362,1550,2032
H1-edge,hybrid,1,10,0,0.399,1550,2032
H1-edge,hybrid,1,11,0,0.347,1550,2032
H1-edge,hybrid,1,12,0,0.365,1550,2033
H1-edge,hybrid,1,13,0,0.338,1550,2031
H1-edge,hybrid,1,14,0,0.369,1550,2031
H1-edge,hybrid,1,15,0,0.36,1550,2033
H1-edge,hybrid,1,16,0,0.38,1550,2032
H1-edge,hybrid,1,17,0,0.356,1550,2032
H1-edge,hybrid,1,18,0,0.354,1550,2032
H1-edge,hybrid,1,19,0,0.391,1550,2032
H1-edge,hybrid,1,20,0,0.352,1550,2032
H1-edge,hybrid,1,21,0,0.351,1550,2032
H1-edge,hybrid,1,22,0,0.414,1550,2033
H1-edge,hybrid,1,23,0,0.394,1550,2032
H1-edge,hybrid,1,24,0,0.35,1550,2032
H1-edge,hybrid,1,25,0,0.368,1550,2031
H1-edge,hybrid,1,26,0,0.361,1550,2032
H1-edge,hybrid,1,27,0,0.338,1550,2032
H1-edge,hybrid,1,28,0,0.347,1550,2032
H1-edge,hybrid,1,29,0,0.335,1550,2033
H1-edge,hybrid,1,30,0,0.373,1550,2032
H1-edge,hybrid,1,31,0,0.339,1550,2031
H1-edge,hybrid,1,32,0,0.389,1550,2032
H1-edge,hybrid,1,33,0,0.333,1550,2032
H1-edge,hybrid,1,34,0,0.361,1550,2032
H1-edge,hybrid,1,35,0,0.334,1550,2032
H1-edge,hybrid,1,36,0,0.353,1550,2032
H1-edge,hybrid,1,37,0,0.346,1550,2032
H1-edge,hybrid,1,38,0,0.363,1550,2032
H1-edge,hybrid,1,39,0,0.328,1550,2031
H1-edge,hybrid,1,40,0,0.35,1550,2031
H1-edge,hybrid,1,41,0,0.342,1550,2032
H1-edge,hybrid,1,42,0,0.348,1550,2033
H1-edge,hybrid,1,43,0,0.323,1550,2032
H1-edge,hybrid,1,44,0,0.333,1550,2032
H1-edge,hybrid,1,45,0,0.341,1550,2033
H1-edge,hybrid,1,46,0,0.337,1550,2032
H1-edge,hybrid,1,47,0,0.365,1550,2033
H1-edge,hybrid,1,48,0,0.34,1550,2032
H1-edge,hybrid,1,49,0,0.352,1550,2033
H1-edge,hybrid,1,50,0,0.325,1550,2033
H1-edge,hybrid,1,51,0,0.352,1550,2033
H1-edge,hybrid,1,52,0,0.326,1550,2032
H1-edge,hybrid,1,53,0,0.361,1550,2032
H1-edge,hybrid,1,54,0,0.327,1550,2033
H1-edge,hybrid,1,55,0,0.357,1550,2032
H1-edge,hybrid,1,56,0,0.34,1550,2032
H1-edge,hybrid,1,57,0,0.346,1550,2032
H1-edge,hybrid,1,58,0,0.368,1550,2033
H1-edge,hybrid,1,59,0,0.348,1550,2033
H1-edge,hybrid,1,60,0,0.357,1550,2032
H1-edge,hybrid,1,61,0,0.36,1550,2032
H1-edge,hybrid,1,62,0,0.358,1550,2031
H1-edge,hybrid,1,63,0,0.359,1550,2032
H1-edge,hybrid,1,64,0,0.351,1550,2033
H1-edge,hybrid,1,65,0,0.356,1550,2032
H1-edge,hybrid,1,66,0,0.349,1550,2032
H1-edge,hybrid,1,67,0,0.351,1550,2033
H1-edge,hybrid,1,68,0,0.36,1550,2033
H1-edge,hybrid,1,69,0,0.354,1550,2032
H1-edge,hybrid,1,70,0,0.354,1550,2032
H1-edge,hybrid,1,71,0,0.334,1550,2033
H1-edge,hybrid,1,72,0,0.371,1550,2031
H1-edge,hybrid,1,73,0,0.33,1550,2032
H1-edge,hybrid,1,74,0,0.364,1550,2033
H1-edge,hybrid,1,75,0,0.328,1550,2031
H1-edge,hybrid,1,76,0,0.34,1550,2032
H1-edge,hybrid,1,77,0,0.324,1550,2033
H1-edge,hybrid,1,78,0,0.349,1550,2032
H1-edge,hybrid,1,79,0,0.326,1550,2032
H1-edge,hybrid,1,80,0,0.347,1550,2031
H1-edge,hybrid,1,81,0,0.341,1550,2033
H1-edge,hybrid,1,82,0,0.333,1550,2033
H1-edge,hybrid,1,83,0,0.352,1550,2031
H1-edge,hybrid,1,84,0,0.346,1550,2032
H1-edge,hybrid,1,85,0,0.378,1550,2033
H1-edge,hybrid,1,86,0,0.335,1550,2032
H1-edge,hybrid,1,87,0,0.349,1550,2033
H1-edge,hybrid,1,88,0,0.342,1550,2031
H1-edge,hybrid,1,89,0,0.345,1550,2033
H1-edge,hybrid,1,90,0,0.366,1550,2032
H1-edge,hybrid,1,91,0,0.381,1550,2032
H1-edge,hybrid,1,92,0,0.354,1550,2032
H1-edge,hybrid,1,93,0,0.37,1550,2032
H1-edge,hybrid,1,94,0,0.325,1550,2032
H1-edge,hybrid,1,95,0,0.357,1550,2032
H1-edge,hybrid,1,96,0,0.331,1550,2032
H1-edge,hybrid,1,97,0,0.35,1550,2031
H1-edge,hybrid,1,98,0,0.319,1550,2031
H1-edge,hybrid,1,99,0,0.337,1550,2033
H1-edge,hybrid,1,100,0,0.332,1550,2031
H1-edge,hybrid,1,101,0,0.35,1550,2032
H1-edge,hybrid,1,102,0,0.328,1550,2032
H1-edge,hybrid,1,103,0,0.358,1550,2031
H1-edge,hybrid,1,104,0,0.351,1550,2032
H1-edge,hybrid,1,105,0,0.366,1550,2031
H1-edge,hybrid,1,106,0,0.34,1550,2033
H1-edge,hybrid,1,107,0,0.319,1550,2031
H1-edge,hybrid,1,108,0,0.336,1550,2031
H1-edge,hybrid,1,109,0,0.318,1550,2033
H2a-py,hybrid,1,0,1,0.524,1555,2027
H2a-py,hybrid,1,1,1,0.434,1555,2028
H2a-py,hybrid,1,2,1,0.464,1555,2028
H2a-py,hybrid,1,3,1,0.495,1555,2027
H2a-py,hybrid,1,4,1,0.4,1555,2029
H2a-py,hybrid,1,5,1,0.403,1555,2028
H2a-py,hybrid,1,6,1,0.401,1555,2029
H2a-py,hybrid,1,7,1,0.406,1555,2029
H2a-py,hybrid,1,8,1,0.418,1555,2029
H2a-py,hybrid,1,9,1,0.391,1555,2027
H2a-py,hybrid,1,10,0,0.458,1555,2028
H2a-py,hybrid,1,11,0,0.356,1555,2028
H2a-py,hybrid,1,12,0,0.351,1555,2029
H2a-py,hybrid,1,13,0,0.356,1555,2027
H2a-py,hybrid,1,14,0,0.347,1555,2028
H2a-py,hybrid,1,15,0,0.367,1555,2029
H2a-py,hybrid,1,16,0,0.339,1555,2029
H2a-py,hybrid,1,17,0,0.344,1555,2028
H2a-py,hybrid,1,18,0,0.36,1555,2027
H2a-py,hybrid,1,19,0,0.352,1555,2028
H2a-py,hybrid,1,20,0,0.369,1555,2028
H2a-py,hybrid,1,21,0,0.425,1555,2027
H2a-py,hybrid,1,22,0,1.215,1555,2027
H2a-py,hybrid,1,23,0,0.42,1555,2029
H2a-py,hybrid,1,24,0,0.443,1555,2029
H2a-py,hybrid,1,25,0,0.492,1555,2028
H2a-py,hybrid,1,26,0,0.471,1555,2028
H2a-py,hybrid,1,27,0,0.581,1555,2027
H2a-py,hybrid,1,28,0,0.434,1555,2029
H2a-py,hybrid,1,29,0,0.396,1555,2028
H2a-py,hybrid,1,30,0,0.437,1555,2028
H2a-py,hybrid,1,31,0,0.403,1555,2028
H2a-py,hybrid,1,32,0,0.4,1555,2028
H2a-py,hybrid,1,33,0,0.454,1555,2027
H2a-py,hybrid,1,34,0,0.412,1555,2028
H2a-py,hybrid,1,35,0,0.405,1555,2028
H2a-py,hybrid,1,36,0,0.465,1555,2028
H2a-py,hybrid,1,37,0,0.397,1555,2029
H2a-py,hybrid,1,38,0,0.418,1555,2029
H2a-py,hybrid,1,39,0,0.376,1555,2029
H2a-py,hybrid,1,40,0,0.377,1555,2027
H2a-py,hybrid,1,41,0,0.36,1555,2028
H2a-py,hybrid,1,42,0,0.366,1555,2028
H2a-py,hybrid,1,43,0,0.363,1555,2029
H2a-py,hybrid,1,44,0,0.356,1555,2028
H2a-py,hybrid,1,45,0,0.356,1555,2028
H2a-py,hybrid,1,46,0,0.388,1555,2027
H2a-py,hybrid,1,47,0,0.376,1555,2028
H2a-py,hybrid,1,48,0,0.387,1555,2029
H2a-py,hybrid,1,49,0,0.358,1555,2027
H2a-py,hybrid,1,50,0,0.377,1555,2028
H2a-py,hybrid,1,51,0,0.369,1555,2027
H2a-py,hybrid,1,52,0,0.39,1555,2028
H2a-py,hybrid,1,53,0,0.382,1555,2028
H2a-py,hybrid,1,54,0,0.426,1555,2029
H2a-py,hybrid,1,55,0,0.411,1555,2028
H2a-py,hybrid,1,56,0,0.361,1555,2027
H2a-py,hybrid,1,57,0,0.343,1555,2027
H2a-py,hybrid,1,58,0,0.385,1555,2028
H2a-py,hybrid,1,59,0,0.368,1555,2028
H2a-py,hybrid,1,60,0,0.387,1555,2028
H2a-py,hybrid,1,61,0,0.372,1555,2028
H2a-py,hybrid,1,62,0,0.387,1555,2028
H2a-py,hybrid,1,63,0,0.394,1555,2027
H2a-py,hybrid,1,64,0,0.384,1555,2028
H2a-py,hybrid,1,65,0,0.371,1555,2028
H2a-py,hybrid,1,66,0,0.362,1555,2027
H2a-py,hybrid,1,67,0,0.341,1555,2027
H2a-py,hybrid,1,68,0,0.385,1555,2028
H2a-py,hybrid,1,69,0,0.393,1555,2029
H2a-py,hybrid,1,70,0,0.394,1555,2027
H2a-py,hybrid,1,71,0,0.363,1555,2029
H2a-py,hybrid,1,72,0,0.359,1555,2027
H2a-py,hybrid,1,73,0,0.338,1555,2027
H2a-py,hybrid,1,74,0,0.374,1555,2029
H2a-py,hybrid,1,75,0,0.341,1555,2028
H2a-py,hybrid,1,76,0,0.374,1555,2028
H2a-py,hybrid,1,77,0,0.354,1555,2029
H2a-py,hybrid,1,78,0,0.397,1555,2028
H2a-py,hybrid,1,79,0,0.37,1555,2028
H2a-py,hybrid,1,80,0,0.374,1555,2028
H2a-py,hybrid,1,81,0,0.353,1555,2028
H2a-py,hybrid,1,82,0,0.375,1555,2028
H2a-py,hybrid,1,83,0,0.373,1555,2027
H2a-py,hybrid,1,84,0,0.409,1555,2028
H2a-py,hybrid,1,85,0,0.533,1555,2027
H2a-py,hybrid,1,86,0,0.392,1555,2028
H2a-py,hybrid,1,87,0,0.406,1555,2027
H2a-py,hybrid,1,88,0,0.375,1555,2029
H2a-py,hybrid,1,89,0,0.378,1555,2029
H2a-py,hybrid,1,90,0,0.358,1555,2028
H2a-py,hybrid,1,91,0,0.371,1555,2027
H2a-py,hybrid,1,92,0,0.372,1555,2028
H2a-py,hybrid,1,93,0,0.369,1555,2028
H2a-py,hybrid,1,94,0,0.346,1555,2029
H2a-py,hybrid,1,95,0,0.363,1555,2028
H2a-py,hybrid,1,96,0,0.349,1555,2027
H2a-py,hybrid,1,97,0,0.364,1555,2029
H2a-py,hybrid,1,98,0,0.343,1555,2027
H2a-py,hybrid,1,99,0,0.368,1555,2028
H2a-py,hybrid,1,100,0,0.345,1555,2029
H2a-py,hybrid,1,101,0,0.37,1555,2028
H2a-py,hybrid,1,102,0,0.346,1555,2028
H2a-py,hybrid,1,103,0,0.343,1555,2029
H2a-py,hybrid,1,104,0,0.35,1555,2029
H2a-py,hybrid,1,105,0,0.34,1555,2027
H2a-py,hybrid,1,106,0,0.343,1555,2027
H2a-py,hybrid,1,107,0,0.34,1555,2028
H2a-py,hybrid,1,108,0,0.376,1555,2028
H2a-py,hybrid,1,109,0,0.34,1555,2029
H2b-node,hybrid,1,0,1,0.601,1553,2028
H2b-node,hybrid,1,1,1,0.48,1553,2028
H2b-node,hybrid,1,2,1,0.381,1553,2027
H2b-node,hybrid,1,3,1,0.377,1553,2027
H2b-node,hybrid,1,4,1,0.362,1553,2028
H2b-node,hybrid,1,5,1,0.378,1553,2028
H2b-node,hybrid,1,6,1,0.395,1553,2027
H2b-node,hybrid,1,7,1,0.371,1553,2029
H2b-node,hybrid,1,8,1,0.399,1553,2027
H2b-node,hybrid,1,9,1,0.388,1553,2028
H2b-node,hybrid,1,10,0,0.363,1553,2027
H2b-node,hybrid,1,11,0,0.471,1553,2028
H2b-node,hybrid,1,12,0,0.793,1553,2029
H2b-node,hybrid,1,13,0,0.444,1553,2028
H2b-node,hybrid,1,14,0,0.444,1553,2028
H2b-node,hybrid,1,15,0,0.429,1553,2028
H2b-node,hybrid,1,16,0,0.4,1553,2028
H2b-node,hybrid,1,17,0,0.373,1553,2028
H2b-node,hybrid,1,18,0,0.354,1553,2028
H2b-node,hybrid,1,19,0,0.367,1553,2027
H2b-node,hybrid,1,20,0,0.362,1553,2027
H2b-node,hybrid,1,21,0,0.343,1553,2029
H2b-node,hybrid,1,22,0,0.347,1553,2027
H2b-node,hybrid,1,23,0,0.34,1553,2029
H2b-node,hybrid,1,24,0,0.338,1553,2027
H2b-node,hybrid,1,25,0,0.572,1553,2028
H2b-node,hybrid,1,26,0,0.373,1553,2028
H2b-node,hybrid,1,27,0,0.347,1553,2028
H2b-node,hybrid,1,28,0,0.393,1553,2028
H2b-node,hybrid,1,29,0,0.339,1553,2029
H2b-node,hybrid,1,30,0,0.35,1553,2028
H2b-node,hybrid,1,31,0,0.362,1553,2027
H2b-node,hybrid,1,32,0,0.359,1553,2028
H2b-node,hybrid,1,33,0,0.352,1553,2027
H2b-node,hybrid,1,34,0,0.334,1553,2028
H2b-node,hybrid,1,35,0,0.355,1553,2029
H2b-node,hybrid,1,36,0,0.337,1553,2027
H2b-node,hybrid,1,37,0,0.341,1553,2028
H2b-node,hybrid,1,38,0,0.332,1553,2029
H2b-node,hybrid,1,39,0,0.376,1553,2029
H2b-node,hybrid,1,40,0,0.332,1553,2029
H2b-node,hybrid,1,41,0,0.373,1553,2028
H2b-node,hybrid,1,42,0,0.332,1553,2028
H2b-node,hybrid,1,43,0,0.381,1553,2028
H2b-node,hybrid,1,44,0,0.338,1553,2027
H2b-node,hybrid,1,45,0,0.364,1553,2028
H2b-node,hybrid,1,46,0,0.35,1553,2028
H2b-node,hybrid,1,47,0,0.379,1553,2028
H2b-node,hybrid,1,48,0,0.344,1553,2028
H2b-node,hybrid,1,49,0,0.361,1553,2027
H2b-node,hybrid,1,50,0,0.345,1553,2027
H2b-node,hybrid,1,51,0,0.355,1553,2028
H2b-node,hybrid,1,52,0,0.332,1553,2029
H2b-node,hybrid,1,53,0,0.35,1553,2028
H2b-node,hybrid,1,54,0,0.375,1553,2027
H2b-node,hybrid,1,55,0,0.334,1553,2029
H2b-node,hybrid,1,56,0,0.341,1553,2027
H2b-node,hybrid,1,57,0,0.334,1553,2029
H2b-node,hybrid,1,58,0,0.342,1553,2029
H2b-node,hybrid,1,59,0,0.328,1553,2028
H2b-node,hybrid,1,60,0,0.375,1553,2028
H2b-node,hybrid,1,61,0,0.539,1553,2028
H2b-node,hybrid,1,62,0,0.358,1553,2029
H2b-node,hybrid,1,63,0,0.348,1553,2028
H2b-node,hybrid,1,64,0,0.354,1553,2028
H2b-node,hybrid,1,65,0,0.352,1553,2028
H2b-node,hybrid,1,66,0,0.337,1553,2029
H2b-node,hybrid,1,67,0,0.332,1553,2028
H2b-node,hybrid,1,68,0,0.374,1553,2027
H2b-node,hybrid,1,69,0,0.341,1553,2027
H2b-node,hybrid,1,70,0,0.375,1553,2027
H2b-node,hybrid,1,71,0,0.337,1553,2029
H2b-node,hybrid,1,72,0,0.341,1553,2028
H2b-node,hybrid,1,73,0,0.335,1553,2027
H2b-node,hybrid,1,74,0,0.343,1553,2027
H2b-node,hybrid,1,75,0,0.33,1553,2028
H2b-node,hybrid,1,76,0,0.33,1553,2028
H2b-node,hybrid,1,77,0,0.362,1553,2028
H2b-node,hybrid,1,78,0,0.339,1553,2027
H2b-node,hybrid,1,79,0,0.383,1553,2028
H2b-node,hybrid,1,80,0,0.348,1553,2027
H2b-node,hybrid,1,81,0,0.378,1553,2028
H2b-node,hybrid,1,82,0,0.334,1553,2027
H2b-node,hybrid,1,83,0,0.345,1553,2027
H2b-node,hybrid,1,84,0,0.329,1553,2028
H2b-node,hybrid,1,85,0,0.38,1553,2028
H2b-node,hybrid,1,86,0,0.329,1553,2028
H2b-node,hybrid,1,87,0,0.349,1553,2027
H2b-node,hybrid,1,88,0,0.337,1553,2028
H2b-node,hybrid,1,89,0,0.366,1553,2028
H2b-node,hybrid,1,90,0,0.356,1553,2028
H2b-node,hybrid,1,91,0,0.356,1553,2028
H2b-node,hybrid,1,92,0,0.338,1553,2028
H2b-node,hybrid,1,93,0,0.368,1553,2027
H2b-node,hybrid,1,94,0,0.339,1553,2029
H2b-node,hybrid,1,95,0,0.363,1553,2029
H2b-node,hybrid,1,96,0,0.407,1553,2027
H2b-node,hybrid,1,97,0,0.359,1553,2029
H2b-node,hybrid,1,98,0,0.339,1553,2028
H2b-node,hybrid,1,99,0,0.368,1553,2029
H2b-node,hybrid,1,100,0,0.343,1553,2028
H2b-node,hybrid,1,101,0,0.329,1553,2028
H2b-node,hybrid,1,102,0,0.335,1553,2028
H2b-node,hybrid,1,103,0,0.334,1553,2028
H2b-node,hybrid,1,104,0,0.334,1553,2027
H2b-node,hybrid,1,105,0,0.378,1553,2027
H2b-node,hybrid,1,106,0,0.346,1553,2028
H2b-node,hybrid,1,107,0,0.335,1553,2027
H2b-node,hybrid,1,108,0,0.348,1553,2029
H2b-node,hybrid,1,109,0,0.332,1553,2028
H3-pg,hybrid,1,0,1,0.532,1546,2028
H3-pg,hybrid,1,1,1,0.491,1546,2027
H3-pg,hybrid,1,2,1,0.503,1546,2029
H3-pg,hybrid,1,3,1,0.466,1546,2028
H3-pg,hybrid,1,4,1,0.476,1546,2027
H3-pg,hybrid,1,5,1,0.472,1546,2029
H3-pg,hybrid,1,6,1,0.499,1546,2027
H3-pg,hybrid,1,7,1,0.437,1546,2027
H3-pg,hybrid,1,8,1,0.476,1546,2027
H3-pg,hybrid,1,9,1,0.445,1546,2028
H3-pg,hybrid,1,10,0,0.434,1546,2029
H3-pg,hybrid,1,11,0,0.473,1546,2028
H3-pg,hybrid,1,12,0,0.46,1546,2029
H3-pg,hybrid,1,13,0,0.469,1546,2028
H3-pg,hybrid,1,14,0,0.453,1546,2028
H3-pg,hybrid,1,15,0,0.45,1546,2027
H3-pg,hybrid,1,16,0,0.481,1546,2028
H3-pg,hybrid,1,17,0,0.448,1546,2028
H3-pg,hybrid,1,18,0,0.477,1546,2028
H3-pg,hybrid,1,19,0,0.587,1546,2028
H3-pg,hybrid,1,20,0,0.464,1546,2028
H3-pg,hybrid,1,21,0,0.444,1546,2027
H3-pg,hybrid,1,22,0,0.471,1546,2027
H3-pg,hybrid,1,23,0,0.447,1546,2029
H3-pg,hybrid,1,24,0,0.445,1546,2028
H3-pg,hybrid,1,25,0,0.441,1546,2028
H3-pg,hybrid,1,26,0,0.462,1546,2028
H3-pg,hybrid,1,27,0,0.479,1546,2029
H3-pg,hybrid,1,28,0,0.488,1546,2028
H3-pg,hybrid,1,29,0,0.469,1546,2028
H3-pg,hybrid,1,30,0,0.441,1546,2028
H3-pg,hybrid,1,31,0,0.435,1546,2028
H3-pg,hybrid,1,32,0,0.455,1546,2028
H3-pg,hybrid,1,33,0,0.472,1546,2027
H3-pg,hybrid,1,34,0,0.483,1546,2028
H3-pg,hybrid,1,35,0,0.441,1546,2027
H3-pg,hybrid,1,36,0,0.446,1546,2027
H3-pg,hybrid,1,37,0,0.449,1546,2028
H3-pg,hybrid,1,38,0,0.492,1546,2027
H3-pg,hybrid,1,39,0,0.507,1546,2027
H3-pg,hybrid,1,40,0,0.484,1546,2029
H3-pg,hybrid,1,41,0,0.554,1546,2027
H3-pg,hybrid,1,42,0,0.495,1546,2028
H3-pg,hybrid,1,43,0,0.454,1546,2027
H3-pg,hybrid,1,44,0,0.468,1546,2028
H3-pg,hybrid,1,45,0,0.46,1546,2027
H3-pg,hybrid,1,46,0,0.451,1546,2028
H3-pg,hybrid,1,47,0,0.47,1546,2028
H3-pg,hybrid,1,48,0,0.486,1546,2029
H3-pg,hybrid,1,49,0,0.443,1546,2029
H3-pg,hybrid,1,50,0,0.453,1546,2028
H3-pg,hybrid,1,51,0,0.466,1546,2028
H3-pg,hybrid,1,52,0,0.476,1546,2029
H3-pg,hybrid,1,53,0,0.471,1546,2028
H3-pg,hybrid,1,54,0,0.517,1546,2028
H3-pg,hybrid,1,55,0,0.467,1546,2027
H3-pg,hybrid,1,56,0,0.476,1546,2029
H3-pg,hybrid,1,57,0,0.547,1546,2029
H3-pg,hybrid,1,58,0,0.46,1546,2029
H3-pg,hybrid,1,59,0,0.475,1546,2028
H3-pg,hybrid,1,60,0,0.478,1546,2027
H3-pg,hybrid,1,61,0,0.449,1546,2029
H3-pg,hybrid,1,62,0,0.44,1546,2029
H3-pg,hybrid,1,63,0,0.471,1546,2029
H3-pg,hybrid,1,64,0,0.485,1546,2028
H3-pg,hybrid,1,65,0,0.471,1546,2028
H3-pg,hybrid,1,66,0,0.483,1546,2028
H3-pg,hybrid,1,67,0,0.435,1546,2028
H3-pg,hybrid,1,68,0,0.431,1546,2028
H3-pg,hybrid,1,69,0,0.457,1546,2028
H3-pg,hybrid,1,70,0,0.461,1546,2028
H3-pg,hybrid,1,71,0,0.433,1546,2028
H3-pg,hybrid,1,72,0,0.439,1546,2029
H3-pg,hybrid,1,73,0,0.434,1546,2027
H3-pg,hybrid,1,74,0,0.464,1546,2027
H3-pg,hybrid,1,75,0,0.484,1546,2029
H3-pg,hybrid,1,76,0,0.443,1546,2029
H3-pg,hybrid,1,77,0,0.458,1546,2028
H3-pg,hybrid,1,78,0,0.457,1546,2028
H3-pg,hybrid,1,79,0,0.45,1546,2027
H3-pg,hybrid,1,80,0,0.498,1546,2027
H3-pg,hybrid,1,81,0,0.455,1546,2028
H3-pg,hybrid,1,82,0,0.426,1546,2029
H3-pg,hybrid,1,83,0,0.436,1546,2028
H3-pg,hybrid,1,84,0,0.474,1546,2029
H3-pg,hybrid,1,85,0,0.471,1546,2028
H3-pg,hybrid,1,86,0,0.451,1546,2028
H3-pg,hybrid,1,87,0,0.431,1546,2028
H3-pg,hybrid,1,88,0,0.432,1546,2028
H3-pg,hybrid,1,89,0,0.481,1546,2028
H3-pg,hybrid,1,90,0,0.492,1546,2029
H3-pg,hybrid,1,91,0,0.485,1546,2027
H3-pg,hybrid,1,92,0,0.468,1546,2027
H3-pg,hybrid,1,93,0,0.429,1546,2028
H3-pg,hybrid,1,94,0,0.48,1546,2029
H3-pg,hybrid,1,95,0,0.583,1546,2027
H3-pg,hybrid,1,96,0,0.495,1546,2028
H3-pg,hybrid,1,97,0,0.461,1546,2027
H3-pg,hybrid,1,98,0,0.484,1546,2027
H3-pg,hybrid,1,99,0,0.446,1546,2027
H3-pg,hybrid,1,100,0,0.436,1546,2028
H3-pg,hybrid,1,101,0,0.449,1546,2028
H3-pg,hybrid,1,102,0,0.463,1546,2027
H3-pg,hybrid,1,103,0,0.445,1546,2028
H3-pg,hybrid,1,104,0,0.458,1546,2029
H3-pg,hybrid,1,105,0,0.429,1546,2028
H3-pg,hybrid,1,106,0,0.448,1546,2028
H3-pg,hybrid,1,107,0,0.458,1546,2028
H3-pg,hybrid,1,108,0,0.506,1546,2028
H3-pg,hybrid,1,109,0,0.473,1546,2028
H4-redis,hybrid,1,0,1,0.403,1543,2028
H4-redis,hybrid,1,1,1,0.412,1543,2029
H4-redis,hybrid,1,2,1,0.339,1543,2028
H4-redis,hybrid,1,3,1,0.358,1543,2029
H4-redis,hybrid,1,4,1,0.36,1543,2028
H4-redis,hybrid,1,5,1,0.357,1543,2029
H4-redis,hybrid,1,6,1,0.331,1543,2029
H4-redis,hybrid,1,7,1,0.396,1543,2028
H4-redis,hybrid,1,8,1,0.371,1543,2029
H4-redis,hybrid,1,9,1,0.378,1543,2027
H4-redis,hybrid,1,10,0,0.346,1543,2027
H4-redis,hybrid,1,11,0,0.396,1543,2029
H4-redis,hybrid,1,12,0,0.343,1543,2028
H4-redis,hybrid,1,13,0,0.355,1543,2029
H4-redis,hybrid,1,14,0,0.339,1543,2027
H4-redis,hybrid,1,15,0,0.377,1543,2028
H4-redis,hybrid,1,16,0,0.353,1543,2027
H4-redis,hybrid,1,17,0,0.355,1543,2027
H4-redis,hybrid,1,18,0,0.342,1543,2028
H4-redis,hybrid,1,19,0,0.345,1543,2028
H4-redis,hybrid,1,20,0,0.336,1543,2028
H4-redis,hybrid,1,21,0,0.349,1543,2027
H4-redis,hybrid,1,22,0,0.378,1543,2028
H4-redis,hybrid,1,23,0,0.402,1543,2027
H4-redis,hybrid,1,24,0,0.357,1543,2029
H4-redis,hybrid,1,25,0,0.415,1543,2028
H4-redis,hybrid,1,26,0,0.368,1543,2029
H4-redis,hybrid,1,27,0,0.388,1543,2028
H4-redis,hybrid,1,28,0,0.356,1543,2029
H4-redis,hybrid,1,29,0,0.372,1543,2027
H4-redis,hybrid,1,30,0,0.368,1543,2027
H4-redis,hybrid,1,31,0,0.353,1543,2029
H4-redis,hybrid,1,32,0,0.374,1543,2028
H4-redis,hybrid,1,33,0,0.352,1543,2027
H4-redis,hybrid,1,34,0,0.352,1543,2027
H4-redis,hybrid,1,35,0,0.33,1543,2028
H4-redis,hybrid,1,36,0,0.338,1543,2027
H4-redis,hybrid,1,37,0,0.33,1543,2027
H4-redis,hybrid,1,38,0,0.331,1543,2029
H4-redis,hybrid,1,39,0,0.326,1543,2028
H4-redis,hybrid,1,40,0,0.342,1543,2028
H4-redis,hybrid,1,41,0,0.324,1543,2027
H4-redis,hybrid,1,42,0,0.39,1543,2028
H4-redis,hybrid,1,43,0,0.34,1543,2028
H4-redis,hybrid,1,44,0,0.368,1543,2027
H4-redis,hybrid,1,45,0,0.34,1543,2028
H4-redis,hybrid,1,46,0,0.362,1543,2028
H4-redis,hybrid,1,47,0,0.33,1543,2029
H4-redis,hybrid,1,48,0,0.382,1543,2028
H4-redis,hybrid,1,49,0,0.333,1543,2028
H4-redis,hybrid,1,50,0,0.367,1543,2028
H4-redis,hybrid,1,51,0,0.348,1543,2027
H4-redis,hybrid,1,52,0,0.338,1543,2027
H4-redis,hybrid,1,53,0,0.354,1543,2029
H4-redis,hybrid,1,54,0,0.363,1543,2027
H4-redis,hybrid,1,55,0,0.354,1543,2028
H4-redis,hybrid,1,56,0,0.342,1543,2029
H4-redis,hybrid,1,57,0,0.35,1543,2028
H4-redis,hybrid,1,58,0,0.338,1543,2027
H4-redis,hybrid,1,59,0,0.34,1543,2029
H4-redis,hybrid,1,60,0,0.359,1543,2027
H4-redis,hybrid,1,61,0,0.36,1543,2028
H4-redis,hybrid,1,62,0,0.344,1543,2028
H4-redis,hybrid,1,63,0,0.365,1543,2029
H4-redis,hybrid,1,64,0,0.328,1543,2028
H4-redis,hybrid,1,65,0,0.356,1543,2027
H4-redis,hybrid,1,66,0,0.332,1543,2029
H4-redis,hybrid,1,67,0,0.364,1543,2027
H4-redis,hybrid,1,68,0,0.348,1543,2028
H4-redis,hybrid,1,69,0,0.353,1543,2029
H4-redis,hybrid,1,70,0,0.357,1543,2029
H4-redis,hybrid,1,71,0,0.363,1543,2028
H4-redis,hybrid,1,72,0,0.34,1543,2029
H4-redis,hybrid,1,73,0,0.359,1543,2028
H4-redis,hybrid,1,74,0,0.355,1543,2028
H4-redis,hybrid,1,75,0,0.364,1543,2028
H4-redis,hybrid,1,76,0,0.353,1543,2029
H4-redis,hybrid,1,77,0,0.355,1543,2028
H4-redis,hybrid,1,78,0,0.344,1543,2028
H4-redis,hybrid,1,79,0,0.326,1543,2027
H4-redis,hybrid,1,80,0,0.331,1543,2028
H4-redis,hybrid,1,81,0,0.343,1543,2028
H4-redis,hybrid,1,82,0,0.347,1543,2029
H4-redis,hybrid,1,83,0,0.321,1543,2028
H4-redis,hybrid,1,84,0,0.351,1543,2027
H4-redis,hybrid,1,85,0,0.32,1543,2028
H4-redis,hybrid,1,86,0,0.344,1543,2028
H4-redis,hybrid,1,87,0,0.328,1543,2027
H4-redis,hybrid,1,88,0,0.351,1543,2029
H4-redis,hybrid,1,89,0,0.329,1543,2028
H4-redis,hybrid,1,90,0,0.368,1543,2029
H4-redis,hybrid,1,91,0,0.327,1543,2028
H4-redis,hybrid,1,92,0,0.376,1543,2027
H4-redis,hybrid,1,93,0,0.336,1543,2027
H4-redis,hybrid,1,94,0,0.344,1543,2028
H4-redis,hybrid,1,95,0,0.348,1543,2028
H4-redis,hybrid,1,96,0,0.339,1543,2028
H4-redis,hybrid,1,97,0,0.353,1543,2027
H4-redis,hybrid,1,98,0,0.331,1543,2029
H4-redis,hybrid,1,99,0,0.339,1543,2029
H4-redis,hybrid,1,100,0,0.329,1543,2028
H4-redis,hybrid,1,101,0,0.368,1543,2029
H4-redis,hybrid,1,102,0,0.349,1543,2028
H4-redis,hybrid,1,103,0,0.354,1543,2028
H4-redis,hybrid,1,104,0,0.336,1543,2029
H4-redis,hybrid,1,105,0,0.38,1543,2026
H4-redis,hybrid,1,106,0,0.376,1543,2027
H4-redis,hybrid,1,107,0,0.358,1543,2028
H4-redis,hybrid,1,108,0,0.335,1543,2029
H4-redis,hybrid,1,109,0,0.379,1543,2027
H1-edge,hybrid,2,0,1,0.574,1550,2032
H1-edge,hybrid,2,1,1,0.379,1550,2033
H1-edge,hybrid,2,2,1,0.368,1550,2032
H1-edge,hybrid,2,3,1,0.341,1550,2031
H1-edge,hybrid,2,4,1,0.349,1550,2032
H1-edge,hybrid,2,5,1,0.423,1550,2031
H1-edge,hybrid,2,6,1,0.358,1550,2033
H1-edge,hybrid,2,7,1,0.351,1550,2032
H1-edge,hybrid,2,8,1,0.411,1550,2033
H1-edge,hybrid,2,9,1,0.335,1550,2033
H1-edge,hybrid,2,10,0,0.391,1550,2033
H1-edge,hybrid,2,11,0,0.337,1550,2033
H1-edge,hybrid,2,12,0,0.418,1550,2032
H1-edge,hybrid,2,13,0,0.365,1550,2033
H1-edge,hybrid,2,14,0,0.353,1550,2031
H1-edge,hybrid,2,15,0,0.342,1550,2032
H1-edge,hybrid,2,16,0,0.38,1550,2032
H1-edge,hybrid,2,17,0,0.365,1550,2032
H1-edge,hybrid,2,18,0,0.34,1550,2031
H1-edge,hybrid,2,19,0,0.348,1550,2031
H1-edge,hybrid,2,20,0,0.341,1550,2033
H1-edge,hybrid,2,21,0,0.35,1550,2032
H1-edge,hybrid,2,22,0,0.337,1550,2032
H1-edge,hybrid,2,23,0,0.363,1550,2033
H1-edge,hybrid,2,24,0,0.381,1550,2032
H1-edge,hybrid,2,25,0,0.354,1550,2032
H1-edge,hybrid,2,26,0,0.365,1550,2031
H1-edge,hybrid,2,27,0,0.35,1550,2031
H1-edge,hybrid,2,28,0,0.364,1550,2033
H1-edge,hybrid,2,29,0,0.331,1550,2031
H1-edge,hybrid,2,30,0,0.375,1550,2031
H1-edge,hybrid,2,31,0,0.349,1550,2033
H1-edge,hybrid,2,32,0,0.368,1550,2032
H1-edge,hybrid,2,33,0,0.342,1550,2033
H1-edge,hybrid,2,34,0,0.343,1550,2032
H1-edge,hybrid,2,35,0,0.321,1550,2032
H1-edge,hybrid,2,36,0,0.371,1550,2032
H1-edge,hybrid,2,37,0,0.351,1550,2031
H1-edge,hybrid,2,38,0,0.368,1550,2033
H1-edge,hybrid,2,39,0,0.372,1550,2033
H1-edge,hybrid,2,40,0,0.403,1550,2032
H1-edge,hybrid,2,41,0,0.361,1550,2032
H1-edge,hybrid,2,42,0,0.384,1550,2032
H1-edge,hybrid,2,43,0,0.368,1550,2033
H1-edge,hybrid,2,44,0,0.401,1550,2032
H1-edge,hybrid,2,45,0,0.37,1550,2032
H1-edge,hybrid,2,46,0,0.363,1550,2033
H1-edge,hybrid,2,47,0,0.336,1550,2030
H1-edge,hybrid,2,48,0,0.384,1550,2033
H1-edge,hybrid,2,49,0,0.337,1550,2032
H1-edge,hybrid,2,50,0,0.358,1550,2033
H1-edge,hybrid,2,51,0,0.409,1550,2032
H1-edge,hybrid,2,52,0,0.368,1550,2032
H1-edge,hybrid,2,53,0,0.336,1550,2033
H1-edge,hybrid,2,54,0,0.35,1550,2032
H1-edge,hybrid,2,55,0,0.365,1550,2033
H1-edge,hybrid,2,56,0,0.35,1550,2031
H1-edge,hybrid,2,57,0,0.337,1550,2031
H1-edge,hybrid,2,58,0,0.366,1550,2033
H1-edge,hybrid,2,59,0,0.354,1550,2032
H1-edge,hybrid,2,60,0,0.349,1550,2031
H1-edge,hybrid,2,61,0,0.336,1550,2032
H1-edge,hybrid,2,62,0,0.331,1550,2032
H1-edge,hybrid,2,63,0,0.364,1550,2032
H1-edge,hybrid,2,64,0,0.338,1550,2031
H1-edge,hybrid,2,65,0,0.368,1550,2033
H1-edge,hybrid,2,66,0,0.329,1550,2031
H1-edge,hybrid,2,67,0,0.358,1550,2033
H1-edge,hybrid,2,68,0,0.346,1550,2032
H1-edge,hybrid,2,69,0,0.349,1550,2033
H1-edge,hybrid,2,70,0,0.343,1550,2032
H1-edge,hybrid,2,71,0,0.418,1550,2033
H1-edge,hybrid,2,72,0,0.36,1550,2031
H1-edge,hybrid,2,73,0,0.368,1550,2033
H1-edge,hybrid,2,74,0,0.348,1550,2033
H1-edge,hybrid,2,75,0,0.355,1550,2033
H1-edge,hybrid,2,76,0,0.331,1550,2033
H1-edge,hybrid,2,77,0,0.373,1550,2032
H1-edge,hybrid,2,78,0,0.351,1550,2032
H1-edge,hybrid,2,79,0,0.367,1550,2032
H1-edge,hybrid,2,80,0,0.333,1550,2032
H1-edge,hybrid,2,81,0,0.352,1550,2033
H1-edge,hybrid,2,82,0,0.333,1550,2032
H1-edge,hybrid,2,83,0,0.34,1550,2032
H1-edge,hybrid,2,84,0,0.339,1550,2032
H1-edge,hybrid,2,85,0,0.344,1550,2032
H1-edge,hybrid,2,86,0,0.329,1550,2033
H1-edge,hybrid,2,87,0,0.345,1550,2032
H1-edge,hybrid,2,88,0,0.356,1550,2033
H1-edge,hybrid,2,89,0,0.332,1550,2032
H1-edge,hybrid,2,90,0,0.355,1550,2033
H1-edge,hybrid,2,91,0,0.322,1550,2032
H1-edge,hybrid,2,92,0,0.335,1550,2032
H1-edge,hybrid,2,93,0,0.341,1550,2031
H1-edge,hybrid,2,94,0,0.356,1550,2031
H1-edge,hybrid,2,95,0,0.337,1550,2031
H1-edge,hybrid,2,96,0,0.376,1550,2032
H1-edge,hybrid,2,97,0,0.351,1550,2032
H1-edge,hybrid,2,98,0,0.404,1550,2031
H1-edge,hybrid,2,99,0,0.336,1550,2033
H1-edge,hybrid,2,100,0,0.35,1550,2032
H1-edge,hybrid,2,101,0,0.332,1550,2031
H1-edge,hybrid,2,102,0,0.373,1550,2031
H1-edge,hybrid,2,103,0,0.34,1550,2032
H1-edge,hybrid,2,104,0,0.371,1550,2033
H1-edge,hybrid,2,105,0,0.325,1550,2032
H1-edge,hybrid,2,106,0,0.354,1550,2032
H1-edge,hybrid,2,107,0,0.328,1550,2032
H1-edge,hybrid,2,108,0,0.345,1550,2033
H1-edge,hybrid,2,109,0,0.349,1550,2032
H2a-py,hybrid,2,0,1,0.55,1555,2028
H2a-py,hybrid,2,1,1,0.406,1555,2029
H2a-py,hybrid,2,2,1,0.435,1555,2027
H2a-py,hybrid,2,3,1,0.341,1555,2028
H2a-py,hybrid,2,4,1,0.351,1555,2028
H2a-py,hybrid,2,5,1,0.341,1555,2027
H2a-py,hybrid,2,6,1,0.358,1555,2028
H2a-py,hybrid,2,7,1,0.338,1555,2027
H2a-py,hybrid,2,8,1,0.373,1555,2028
H2a-py,hybrid,2,9,1,0.34,1555,2027
H2a-py,hybrid,2,10,0,0.416,1555,2027
H2a-py,hybrid,2,11,0,0.329,1555,2028
H2a-py,hybrid,2,12,0,0.406,1555,2029
H2a-py,hybrid,2,13,0,0.348,1555,2028
H2a-py,hybrid,2,14,0,0.372,1555,2027
H2a-py,hybrid,2,15,0,0.343,1555,2028
H2a-py,hybrid,2,16,0,0.368,1555,2027
H2a-py,hybrid,2,17,0,0.401,1555,2029
H2a-py,hybrid,2,18,0,0.384,1555,2028
H2a-py,hybrid,2,19,0,0.343,1555,2029
H2a-py,hybrid,2,20,0,0.359,1555,2028
H2a-py,hybrid,2,21,0,0.345,1555,2027
H2a-py,hybrid,2,22,0,0.35,1555,2028
H2a-py,hybrid,2,23,0,0.348,1555,2029
H2a-py,hybrid,2,24,0,0.33,1555,2027
H2a-py,hybrid,2,25,0,0.346,1555,2029
H2a-py,hybrid,2,26,0,0.331,1555,2028
H2a-py,hybrid,2,27,0,0.348,1555,2028
H2a-py,hybrid,2,28,0,0.336,1555,2028
H2a-py,hybrid,2,29,0,0.355,1555,2028
H2a-py,hybrid,2,30,0,0.335,1555,2027
H2a-py,hybrid,2,31,0,0.363,1555,2027
H2a-py,hybrid,2,32,0,0.353,1555,2027
H2a-py,hybrid,2,33,0,0.376,1555,2028
H2a-py,hybrid,2,34,0,0.359,1555,2028
H2a-py,hybrid,2,35,0,0.353,1555,2029
H2a-py,hybrid,2,36,0,0.338,1555,2028
H2a-py,hybrid,2,37,0,0.356,1555,2029
H2a-py,hybrid,2,38,0,0.349,1555,2028
H2a-py,hybrid,2,39,0,0.356,1555,2029
H2a-py,hybrid,2,40,0,0.363,1555,2028
H2a-py,hybrid,2,41,0,0.342,1555,2029
H2a-py,hybrid,2,42,0,0.335,1555,2028
H2a-py,hybrid,2,43,0,0.355,1555,2028
H2a-py,hybrid,2,44,0,0.342,1555,2029
H2a-py,hybrid,2,45,0,0.342,1555,2028
H2a-py,hybrid,2,46,0,0.343,1555,2028
H2a-py,hybrid,2,47,0,0.329,1555,2028
H2a-py,hybrid,2,48,0,0.349,1555,2029
H2a-py,hybrid,2,49,0,0.335,1555,2028
H2a-py,hybrid,2,50,0,0.365,1555,2028
H2a-py,hybrid,2,51,0,0.343,1555,2028
H2a-py,hybrid,2,52,0,0.352,1555,2027
H2a-py,hybrid,2,53,0,0.333,1555,2028
H2a-py,hybrid,2,54,0,0.341,1555,2027
H2a-py,hybrid,2,55,0,0.333,1555,2027
H2a-py,hybrid,2,56,0,0.389,1555,2027
H2a-py,hybrid,2,57,0,0.349,1555,2029
H2a-py,hybrid,2,58,0,0.332,1555,2029
H2a-py,hybrid,2,59,0,0.347,1555,2028
H2a-py,hybrid,2,60,0,0.346,1555,2029
H2a-py,hybrid,2,61,0,0.377,1555,2028
H2a-py,hybrid,2,62,0,0.441,1555,2027
H2a-py,hybrid,2,63,0,0.757,1555,2028
H2a-py,hybrid,2,64,0,0.388,1555,2027
H2a-py,hybrid,2,65,0,0.374,1555,2029
H2a-py,hybrid,2,66,0,0.357,1555,2028
H2a-py,hybrid,2,67,0,0.375,1555,2028
H2a-py,hybrid,2,68,0,0.356,1555,2027
H2a-py,hybrid,2,69,0,0.361,1555,2029
H2a-py,hybrid,2,70,0,0.35,1555,2029
H2a-py,hybrid,2,71,0,0.37,1555,2029
H2a-py,hybrid,2,72,0,0.363,1555,2028
H2a-py,hybrid,2,73,0,0.337,1555,2027
H2a-py,hybrid,2,74,0,0.361,1555,2028
H2a-py,hybrid,2,75,0,0.389,1555,2028
H2a-py,hybrid,2,76,0,0.367,1555,2028
H2a-py,hybrid,2,77,0,0.34,1555,2028
H2a-py,hybrid,2,78,0,0.357,1555,2028
H2a-py,hybrid,2,79,0,0.329,1555,2027
H2a-py,hybrid,2,80,0,0.354,1555,2027
H2a-py,hybrid,2,81,0,0.339,1555,2027
H2a-py,hybrid,2,82,0,0.394,1555,2027
H2a-py,hybrid,2,83,0,0.389,1555,2027
H2a-py,hybrid,2,84,0,0.38,1555,2029
H2a-py,hybrid,2,85,0,0.358,1555,2028
H2a-py,hybrid,2,86,0,0.383,1555,2028
H2a-py,hybrid,2,87,0,0.365,1555,2029
H2a-py,hybrid,2,88,0,0.373,1555,2027
H2a-py,hybrid,2,89,0,0.345,1555,2029
H2a-py,hybrid,2,90,0,0.402,1555,2028
H2a-py,hybrid,2,91,0,0.361,1555,2027
H2a-py,hybrid,2,92,0,0.364,1555,2027
H2a-py,hybrid,2,93,0,0.351,1555,2028
H2a-py,hybrid,2,94,0,0.384,1555,2028
H2a-py,hybrid,2,95,0,0.356,1555,2028
H2a-py,hybrid,2,96,0,0.367,1555,2027
H2a-py,hybrid,2,97,0,0.352,1555,2028
H2a-py,hybrid,2,98,0,0.388,1555,2029
H2a-py,hybrid,2,99,0,0.348,1555,2028
H2a-py,hybrid,2,100,0,0.36,1555,2028
H2a-py,hybrid,2,101,0,0.343,1555,2028
H2a-py,hybrid,2,102,0,0.35,1555,2027
H2a-py,hybrid,2,103,0,0.327,1555,2027
H2a-py,hybrid,2,104,0,0.344,1555,2029
H2a-py,hybrid,2,105,0,0.367,1555,2028
H2a-py,hybrid,2,106,0,0.346,1555,2029
H2a-py,hybrid,2,107,0,0.333,1555,2027
H2a-py,hybrid,2,108,0,0.333,1555,2028
H2a-py,hybrid,2,109,0,0.347,1555,2027
H2b-node,hybrid,2,0,1,0.656,1553,2029
H2b-node,hybrid,2,1,1,0.411,1553,2029
H2b-node,hybrid,2,2,1,0.391,1553,2029
H2b-node,hybrid,2,3,1,0.376,1553,2027
H2b-node,hybrid,2,4,1,0.369,1553,2028
H2b-node,hybrid,2,5,1,0.39,1553,2028
H2b-node,hybrid,2,6,1,0.435,1553,2029
H2b-node,hybrid,2,7,1,0.355,1553,2027
H2b-node,hybrid,2,8,1,0.358,1553,2027
H2b-node,hybrid,2,9,1,0.358,1553,2029
H2b-node,hybrid,2,10,0,0.36,1553,2028
H2b-node,hybrid,2,11,0,0.343,1553,2029
H2b-node,hybrid,2,12,0,0.354,1553,2028
H2b-node,hybrid,2,13,0,0.335,1553,2027
H2b-node,hybrid,2,14,0,0.349,1553,2028
H2b-node,hybrid,2,15,0,0.332,1553,2028
H2b-node,hybrid,2,16,0,0.337,1553,2027
H2b-node,hybrid,2,17,0,0.332,1553,2029
H2b-node,hybrid,2,18,0,0.324,1553,2029
H2b-node,hybrid,2,19,0,0.352,1553,2027
H2b-node,hybrid,2,20,0,0.35,1553,2029
H2b-node,hybrid,2,21,0,0.485,1553,2027
H2b-node,hybrid,2,22,0,0.348,1553,2028
H2b-node,hybrid,2,23,0,0.359,1553,2027
H2b-node,hybrid,2,24,0,0.355,1553,2028
H2b-node,hybrid,2,25,0,0.336,1553,2028
H2b-node,hybrid,2,26,0,0.337,1553,2027
H2b-node,hybrid,2,27,0,0.369,1553,2028
H2b-node,hybrid,2,28,0,0.346,1553,2027
H2b-node,hybrid,2,29,0,0.379,1553,2028
H2b-node,hybrid,2,30,0,0.388,1553,2029
H2b-node,hybrid,2,31,0,0.391,1553,2027
H2b-node,hybrid,2,32,0,0.336,1553,2028
H2b-node,hybrid,2,33,0,0.361,1553,2028
H2b-node,hybrid,2,34,0,0.334,1553,2028
H2b-node,hybrid,2,35,0,0.34,1553,2028
H2b-node,hybrid,2,36,0,0.334,1553,2028
H2b-node,hybrid,2,37,0,0.368,1553,2029
H2b-node,hybrid,2,38,0,0.357,1553,2028
H2b-node,hybrid,2,39,0,0.353,1553,2028
H2b-node,hybrid,2,40,0,0.338,1553,2028
H2b-node,hybrid,2,41,0,0.338,1553,2027
H2b-node,hybrid,2,42,0,0.36,1553,2029
H2b-node,hybrid,2,43,0,0.33,1553,2027
H2b-node,hybrid,2,44,0,0.353,1553,2027
H2b-node,hybrid,2,45,0,0.347,1553,2027
H2b-node,hybrid,2,46,0,0.354,1553,2029
H2b-node,hybrid,2,47,0,0.338,1553,2029
H2b-node,hybrid,2,48,0,0.365,1553,2027
H2b-node,hybrid,2,49,0,0.34,1553,2029
H2b-node,hybrid,2,50,0,0.35,1553,2028
H2b-node,hybrid,2,51,0,0.358,1553,2029
H2b-node,hybrid,2,52,0,0.341,1553,2029
H2b-node,hybrid,2,53,0,0.364,1553,2029
H2b-node,hybrid,2,54,0,0.353,1553,2029
H2b-node,hybrid,2,55,0,0.332,1553,2028
H2b-node,hybrid,2,56,0,0.491,1553,2028
H2b-node,hybrid,2,57,0,0.339,1553,2028
H2b-node,hybrid,2,58,0,0.356,1553,2028
H2b-node,hybrid,2,59,0,0.346,1553,2028
H2b-node,hybrid,2,60,0,0.377,1553,2027
H2b-node,hybrid,2,61,0,0.334,1553,2029
H2b-node,hybrid,2,62,0,0.385,1553,2029
H2b-node,hybrid,2,63,0,0.339,1553,2028
H2b-node,hybrid,2,64,0,0.376,1553,2029
H2b-node,hybrid,2,65,0,0.353,1553,2029
H2b-node,hybrid,2,66,0,0.366,1553,2029
H2b-node,hybrid,2,67,0,0.336,1553,2028
H2b-node,hybrid,2,68,0,0.363,1553,2027
H2b-node,hybrid,2,69,0,0.344,1553,2027
H2b-node,hybrid,2,70,0,0.334,1553,2028
H2b-node,hybrid,2,71,0,0.33,1553,2028
H2b-node,hybrid,2,72,0,0.323,1553,2028
H2b-node,hybrid,2,73,0,0.319,1553,2029
H2b-node,hybrid,2,74,0,0.344,1553,2029
H2b-node,hybrid,2,75,0,0.363,1553,2028
H2b-node,hybrid,2,76,0,0.334,1553,2028
H2b-node,hybrid,2,77,0,0.36,1553,2027
H2b-node,hybrid,2,78,0,0.323,1553,2028
H2b-node,hybrid,2,79,0,0.365,1553,2028
H2b-node,hybrid,2,80,0,0.33,1553,2028
H2b-node,hybrid,2,81,0,0.355,1553,2027
H2b-node,hybrid,2,82,0,0.328,1553,2027
H2b-node,hybrid,2,83,0,0.339,1553,2027
H2b-node,hybrid,2,84,0,0.324,1553,2029
H2b-node,hybrid,2,85,0,0.326,1553,2027
H2b-node,hybrid,2,86,0,0.358,1553,2028
H2b-node,hybrid,2,87,0,0.328,1553,2028
H2b-node,hybrid,2,88,0,0.349,1553,2028
H2b-node,hybrid,2,89,0,0.327,1553,2028
H2b-node,hybrid,2,90,0,0.341,1553,2029
H2b-node,hybrid,2,91,0,0.351,1553,2027
H2b-node,hybrid,2,92,0,0.355,1553,2028
H2b-node,hybrid,2,93,0,0.345,1553,2027
H2b-node,hybrid,2,94,0,0.369,1553,2028
H2b-node,hybrid,2,95,0,0.361,1553,2029
H2b-node,hybrid,2,96,0,0.341,1553,2028
H2b-node,hybrid,2,97,0,0.326,1553,2028
H2b-node,hybrid,2,98,0,0.346,1553,2028
H2b-node,hybrid,2,99,0,0.322,1553,2029
H2b-node,hybrid,2,100,0,0.321,1553,2029
H2b-node,hybrid,2,101,0,0.352,1553,2028
H2b-node,hybrid,2,102,0,0.366,1553,2028
H2b-node,hybrid,2,103,0,0.371,1553,2027
H2b-node,hybrid,2,104,0,0.338,1553,2029
H2b-node,hybrid,2,105,0,0.331,1553,2028
H2b-node,hybrid,2,106,0,0.328,1553,2028
H2b-node,hybrid,2,107,0,0.348,1553,2028
H2b-node,hybrid,2,108,0,0.346,1553,2028
H2b-node,hybrid,2,109,0,0.349,1553,2029
H3-pg,hybrid,2,0,1,0.513,1546,2027
H3-pg,hybrid,2,1,1,0.51,1546,2028
H3-pg,hybrid,2,2,1,0.517,1546,2029
H3-pg,hybrid,2,3,1,0.516,1546,2029
H3-pg,hybrid,2,4,1,0.454,1546,2028
H3-pg,hybrid,2,5,1,0.482,1546,2027
H3-pg,hybrid,2,6,1,0.434,1546,2029
H3-pg,hybrid,2,7,1,0.436,1546,2029
H3-pg,hybrid,2,8,1,0.496,1546,2028
H3-pg,hybrid,2,9,1,0.483,1546,2028
H3-pg,hybrid,2,10,0,0.451,1546,2028
H3-pg,hybrid,2,11,0,0.497,1546,2028
H3-pg,hybrid,2,12,0,0.466,1546,2028
H3-pg,hybrid,2,13,0,0.469,1546,2028
H3-pg,hybrid,2,14,0,0.493,1546,2029
H3-pg,hybrid,2,15,0,0.48,1546,2028
H3-pg,hybrid,2,16,0,0.441,1546,2028
H3-pg,hybrid,2,17,0,0.458,1546,2027
H3-pg,hybrid,2,18,0,0.48,1546,2028
H3-pg,hybrid,2,19,0,0.493,1546,2028
H3-pg,hybrid,2,20,0,0.5,1546,2027
H3-pg,hybrid,2,21,0,0.463,1546,2028
H3-pg,hybrid,2,22,0,0.451,1546,2027
H3-pg,hybrid,2,23,0,0.442,1546,2028
H3-pg,hybrid,2,24,0,0.516,1546,2028
H3-pg,hybrid,2,25,0,0.486,1546,2029
H3-pg,hybrid,2,26,0,0.485,1546,2028
H3-pg,hybrid,2,27,0,0.468,1546,2029
H3-pg,hybrid,2,28,0,0.47,1546,2028
H3-pg,hybrid,2,29,0,0.445,1546,2028
H3-pg,hybrid,2,30,0,0.467,1546,2027
H3-pg,hybrid,2,31,0,0.481,1546,2027
H3-pg,hybrid,2,32,0,0.477,1546,2029
H3-pg,hybrid,2,33,0,0.455,1546,2028
H3-pg,hybrid,2,34,0,0.459,1546,2029
H3-pg,hybrid,2,35,0,0.446,1546,2029
H3-pg,hybrid,2,36,0,0.459,1546,2028
H3-pg,hybrid,2,37,0,0.47,1546,2029
H3-pg,hybrid,2,38,0,0.471,1546,2028
H3-pg,hybrid,2,39,0,0.447,1546,2028
H3-pg,hybrid,2,40,0,0.451,1546,2028
H3-pg,hybrid,2,41,0,0.463,1546,2029
H3-pg,hybrid,2,42,0,0.472,1546,2029
H3-pg,hybrid,2,43,0,0.497,1546,2029
H3-pg,hybrid,2,44,0,0.445,1546,2029
H3-pg,hybrid,2,45,0,0.459,1546,2028
H3-pg,hybrid,2,46,0,0.445,1546,2028
H3-pg,hybrid,2,47,0,0.443,1546,2028
H3-pg,hybrid,2,48,0,0.47,1546,2029
H3-pg,hybrid,2,49,0,0.439,1546,2027
H3-pg,hybrid,2,50,0,0.447,1546,2028
H3-pg,hybrid,2,51,0,0.429,1546,2028
H3-pg,hybrid,2,52,0,0.449,1546,2028
H3-pg,hybrid,2,53,0,0.502,1546,2029
H3-pg,hybrid,2,54,0,0.452,1546,2028
H3-pg,hybrid,2,55,0,0.444,1546,2028
H3-pg,hybrid,2,56,0,0.437,1546,2027
H3-pg,hybrid,2,57,0,0.441,1546,2028
H3-pg,hybrid,2,58,0,0.465,1546,2028
H3-pg,hybrid,2,59,0,0.465,1546,2028
H3-pg,hybrid,2,60,0,0.43,1546,2027
H3-pg,hybrid,2,61,0,0.457,1546,2029
H3-pg,hybrid,2,62,0,0.448,1546,2028
H3-pg,hybrid,2,63,0,0.449,1546,2028
H3-pg,hybrid,2,64,0,0.485,1546,2028
H3-pg,hybrid,2,65,0,0.487,1546,2027
H3-pg,hybrid,2,66,0,0.443,1546,2028
H3-pg,hybrid,2,67,0,0.461,1546,2029
H3-pg,hybrid,2,68,0,0.486,1546,2029
H3-pg,hybrid,2,69,0,0.473,1546,2029
H3-pg,hybrid,2,70,0,0.505,1546,2029
H3-pg,hybrid,2,71,0,0.521,1546,2028
H3-pg,hybrid,2,72,0,0.474,1546,2027
H3-pg,hybrid,2,73,0,0.495,1546,2028
H3-pg,hybrid,2,74,0,0.44,1546,2028
H3-pg,hybrid,2,75,0,0.47,1546,2028
H3-pg,hybrid,2,76,0,0.445,1546,2028
H3-pg,hybrid,2,77,0,0.484,1546,2027
H3-pg,hybrid,2,78,0,0.481,1546,2028
H3-pg,hybrid,2,79,0,0.472,1546,2028
H3-pg,hybrid,2,80,0,0.452,1546,2028
H3-pg,hybrid,2,81,0,0.461,1546,2028
H3-pg,hybrid,2,82,0,0.587,1546,2028
H3-pg,hybrid,2,83,0,0.486,1546,2029
H3-pg,hybrid,2,84,0,0.482,1546,2028
H3-pg,hybrid,2,85,0,0.491,1546,2029
H3-pg,hybrid,2,86,0,0.467,1546,2028
H3-pg,hybrid,2,87,0,0.449,1546,2027
H3-pg,hybrid,2,88,0,0.448,1546,2028
H3-pg,hybrid,2,89,0,0.463,1546,2028
H3-pg,hybrid,2,90,0,0.47,1546,2028
H3-pg,hybrid,2,91,0,0.441,1546,2027
H3-pg,hybrid,2,92,0,0.456,1546,2028
H3-pg,hybrid,2,93,0,0.459,1546,2029
H3-pg,hybrid,2,94,0,0.431,1546,2029
H3-pg,hybrid,2,95,0,0.46,1546,2028
H3-pg,hybrid,2,96,0,0.485,1546,2028
H3-pg,hybrid,2,97,0,0.497,1546,2027
H3-pg,hybrid,2,98,0,0.532,1546,2029
H3-pg,hybrid,2,99,0,0.487,1546,2028
H3-pg,hybrid,2,100,0,0.482,1546,2029
H3-pg,hybrid,2,101,0,0.558,1546,2029
H3-pg,hybrid,2,102,0,0.483,1546,2027
H3-pg,hybrid,2,103,0,0.475,1546,2028
H3-pg,hybrid,2,104,0,0.485,1546,2028
H3-pg,hybrid,2,105,0,0.445,1546,2029
H3-pg,hybrid,2,106,0,0.455,1546,2027
H3-pg,hybrid,2,107,0,0.45,1546,2028
H3-pg,hybrid,2,108,0,0.467,1546,2029
H3-pg,hybrid,2,109,0,0.458,1546,2028
H4-redis,hybrid,2,0,1,0.45,1543,2028
H4-redis,hybrid,2,1,1,0.383,1543,2028
H4-redis,hybrid,2,2,1,0.342,1543,2027
H4-redis,hybrid,2,3,1,0.369,1543,2027
H4-redis,hybrid,2,4,1,0.333,1543,2027
H4-redis,hybrid,2,5,1,0.367,1543,2027
H4-redis,hybrid,2,6,1,0.333,1543,2027
H4-redis,hybrid,2,7,1,0.352,1543,2027
H4-redis,hybrid,2,8,1,0.364,1543,2027
H4-redis,hybrid,2,9,1,0.346,1543,2029
H4-redis,hybrid,2,10,0,0.381,1543,2029
H4-redis,hybrid,2,11,0,0.374,1543,2028
H4-redis,hybrid,2,12,0,0.35,1543,2028
H4-redis,hybrid,2,13,0,0.384,1543,2028
H4-redis,hybrid,2,14,0,0.372,1543,2027
H4-redis,hybrid,2,15,0,0.381,1543,2028
H4-redis,hybrid,2,16,0,0.392,1543,2028
H4-redis,hybrid,2,17,0,0.448,1543,2027
H4-redis,hybrid,2,18,0,0.355,1543,2028
H4-redis,hybrid,2,19,0,0.385,1543,2029
H4-redis,hybrid,2,20,0,0.332,1543,2028
H4-redis,hybrid,2,21,0,0.364,1543,2027
H4-redis,hybrid,2,22,0,0.337,1543,2027
H4-redis,hybrid,2,23,0,0.392,1543,2029
H4-redis,hybrid,2,24,0,0.358,1543,2028
H4-redis,hybrid,2,25,0,0.401,1543,2028
H4-redis,hybrid,2,26,0,0.347,1543,2028
H4-redis,hybrid,2,27,0,0.358,1543,2029
H4-redis,hybrid,2,28,0,0.344,1543,2027
H4-redis,hybrid,2,29,0,0.392,1543,2028
H4-redis,hybrid,2,30,0,0.333,1543,2027
H4-redis,hybrid,2,31,0,0.346,1543,2029
H4-redis,hybrid,2,32,0,0.345,1543,2029
H4-redis,hybrid,2,33,0,0.354,1543,2028
H4-redis,hybrid,2,34,0,0.329,1543,2029
H4-redis,hybrid,2,35,0,0.343,1543,2028
H4-redis,hybrid,2,36,0,0.347,1543,2027
H4-redis,hybrid,2,37,0,0.343,1543,2028
H4-redis,hybrid,2,38,0,0.343,1543,2028
H4-redis,hybrid,2,39,0,0.316,1543,2027
H4-redis,hybrid,2,40,0,0.374,1543,2028
H4-redis,hybrid,2,41,0,0.336,1543,2028
H4-redis,hybrid,2,42,0,0.374,1543,2029
H4-redis,hybrid,2,43,0,0.33,1543,2027
H4-redis,hybrid,2,44,0,0.379,1543,2029
H4-redis,hybrid,2,45,0,0.32,1543,2028
H4-redis,hybrid,2,46,0,0.351,1543,2028
H4-redis,hybrid,2,47,0,0.354,1543,2029
H4-redis,hybrid,2,48,0,0.364,1543,2029
H4-redis,hybrid,2,49,0,0.33,1543,2029
H4-redis,hybrid,2,50,0,0.366,1543,2029
H4-redis,hybrid,2,51,0,0.343,1543,2028
H4-redis,hybrid,2,52,0,0.327,1543,2027
H4-redis,hybrid,2,53,0,0.369,1543,2028
H4-redis,hybrid,2,54,0,0.324,1543,2027
H4-redis,hybrid,2,55,0,0.338,1543,2028
H4-redis,hybrid,2,56,0,0.321,1543,2028
H4-redis,hybrid,2,57,0,0.349,1543,2028
H4-redis,hybrid,2,58,0,0.335,1543,2028
H4-redis,hybrid,2,59,0,0.358,1543,2028
H4-redis,hybrid,2,60,0,0.322,1543,2027
H4-redis,hybrid,2,61,0,0.353,1543,2028
H4-redis,hybrid,2,62,0,0.331,1543,2028
H4-redis,hybrid,2,63,0,0.334,1543,2028
H4-redis,hybrid,2,64,0,0.346,1543,2027
H4-redis,hybrid,2,65,0,0.324,1543,2029
H4-redis,hybrid,2,66,0,0.35,1543,2028
H4-redis,hybrid,2,67,0,0.328,1543,2029
H4-redis,hybrid,2,68,0,0.357,1543,2028
H4-redis,hybrid,2,69,0,0.336,1543,2028
H4-redis,hybrid,2,70,0,0.331,1543,2027
H4-redis,hybrid,2,71,0,0.334,1543,2028
H4-redis,hybrid,2,72,0,0.342,1543,2029
H4-redis,hybrid,2,73,0,0.342,1543,2028
H4-redis,hybrid,2,74,0,0.381,1543,2029
H4-redis,hybrid,2,75,0,0.324,1543,2028
H4-redis,hybrid,2,76,0,0.327,1543,2029
H4-redis,hybrid,2,77,0,0.329,1543,2028
H4-redis,hybrid,2,78,0,0.325,1543,2027
H4-redis,hybrid,2,79,0,0.356,1543,2027
H4-redis,hybrid,2,80,0,0.321,1543,2027
H4-redis,hybrid,2,81,0,0.322,1543,2028
H4-redis,hybrid,2,82,0,0.327,1543,2029
H4-redis,hybrid,2,83,0,0.374,1543,2027
H4-redis,hybrid,2,84,0,0.333,1543,2029
H4-redis,hybrid,2,85,0,0.359,1543,2029
H4-redis,hybrid,2,86,0,0.328,1543,2029
H4-redis,hybrid,2,87,0,0.355,1543,2027
H4-redis,hybrid,2,88,0,0.338,1543,2029
H4-redis,hybrid,2,89,0,0.318,1543,2029
H4-redis,hybrid,2,90,0,0.345,1543,2029
H4-redis,hybrid,2,91,0,0.34,1543,2027
H4-redis,hybrid,2,92,0,0.356,1543,2028
H4-redis,hybrid,2,93,0,0.343,1543,2029
H4-redis,hybrid,2,94,0,0.342,1543,2027
H4-redis,hybrid,2,95,0,0.338,1543,2028
H4-redis,hybrid,2,96,0,0.363,1543,2029
H4-redis,hybrid,2,97,0,0.354,1543,2029
H4-redis,hybrid,2,98,0,0.348,1543,2027
H4-redis,hybrid,2,99,0,0.365,1543,2028
H4-redis,hybrid,2,100,0,0.344,1543,2027
H4-redis,hybrid,2,101,0,0.319,1543,2027
H4-redis,hybrid,2,102,0,0.374,1543,2029
H4-redis,hybrid,2,103,0,0.344,1543,2029
H4-redis,hybrid,2,104,0,0.344,1543,2029
H4-redis,hybrid,2,105,0,0.345,1543,2029
H4-redis,hybrid,2,106,0,0.343,1543,2027
H4-redis,hybrid,2,107,0,0.332,1543,2028
H4-redis,hybrid,2,108,0,0.34,1543,2028
H4-redis,hybrid,2,109,0,0.337,1543,2027
H1-edge,hybrid,3,0,1,0.577,1550,2032
H1-edge,hybrid,3,1,1,0.427,1550,2031
H1-edge,hybrid,3,2,1,0.351,1550,2032
H1-edge,hybrid,3,3,1,0.346,1550,2031
H1-edge,hybrid,3,4,1,0.349,1550,2031
H1-edge,hybrid,3,5,1,0.357,1550,2032
H1-edge,hybrid,3,6,1,0.328,1550,2033
H1-edge,hybrid,3,7,1,0.349,1550,2031
H1-edge,hybrid,3,8,1,0.324,1550,2032
H1-edge,hybrid,3,9,1,0.37,1550,2033
H1-edge,hybrid,3,10,0,0.335,1550,2032
H1-edge,hybrid,3,11,0,0.345,1550,2031
H1-edge,hybrid,3,12,0,0.329,1550,2032
H1-edge,hybrid,3,13,0,0.439,1550,2033
H1-edge,hybrid,3,14,0,0.372,1550,2032
H1-edge,hybrid,3,15,0,0.363,1550,2032
H1-edge,hybrid,3,16,0,0.328,1550,2032
H1-edge,hybrid,3,17,0,0.34,1550,2033
H1-edge,hybrid,3,18,0,0.375,1550,2033
H1-edge,hybrid,3,19,0,0.377,1550,2032
H1-edge,hybrid,3,20,0,0.334,1550,2031
H1-edge,hybrid,3,21,0,0.382,1550,2032
H1-edge,hybrid,3,22,0,0.333,1550,2032
H1-edge,hybrid,3,23,0,0.368,1550,2033
H1-edge,hybrid,3,24,0,0.347,1550,2032
H1-edge,hybrid,3,25,0,0.378,1550,2032
H1-edge,hybrid,3,26,0,0.344,1550,2033
H1-edge,hybrid,3,27,0,0.339,1550,2032
H1-edge,hybrid,3,28,0,0.358,1550,2031
H1-edge,hybrid,3,29,0,0.328,1550,2032
H1-edge,hybrid,3,30,0,0.352,1550,2032
H1-edge,hybrid,3,31,0,0.324,1550,2031
H1-edge,hybrid,3,32,0,0.406,1550,2032
H1-edge,hybrid,3,33,0,0.416,1550,2032
H1-edge,hybrid,3,34,0,0.377,1550,2032
H1-edge,hybrid,3,35,0,0.37,1550,2033
H1-edge,hybrid,3,36,0,0.374,1550,2031
H1-edge,hybrid,3,37,0,0.372,1550,2032
H1-edge,hybrid,3,38,0,0.354,1550,2031
H1-edge,hybrid,3,39,0,0.373,1550,2033
H1-edge,hybrid,3,40,0,0.377,1550,2032
H1-edge,hybrid,3,41,0,0.38,1550,2031
H1-edge,hybrid,3,42,0,0.332,1550,2033
H1-edge,hybrid,3,43,0,0.354,1550,2032
H1-edge,hybrid,3,44,0,0.333,1550,2032
H1-edge,hybrid,3,45,0,0.346,1550,2032
H1-edge,hybrid,3,46,0,0.329,1550,2031
H1-edge,hybrid,3,47,0,0.342,1550,2033
H1-edge,hybrid,3,48,0,0.361,1550,2031
H1-edge,hybrid,3,49,0,0.351,1550,2032
H1-edge,hybrid,3,50,0,0.346,1550,2033
H1-edge,hybrid,3,51,0,0.389,1550,2033
H1-edge,hybrid,3,52,0,0.371,1550,2032
H1-edge,hybrid,3,53,0,0.356,1550,2032
H1-edge,hybrid,3,54,0,0.36,1550,2032
H1-edge,hybrid,3,55,0,0.35,1550,2032
H1-edge,hybrid,3,56,0,0.363,1550,2032
H1-edge,hybrid,3,57,0,0.366,1550,2032
H1-edge,hybrid,3,58,0,0.356,1550,2032
H1-edge,hybrid,3,59,0,0.346,1550,2033
H1-edge,hybrid,3,60,0,0.351,1550,2031
H1-edge,hybrid,3,61,0,0.338,1550,2032
H1-edge,hybrid,3,62,0,0.366,1550,2032
H1-edge,hybrid,3,63,0,0.412,1550,2033
H1-edge,hybrid,3,64,0,0.376,1550,2032
H1-edge,hybrid,3,65,0,0.39,1550,2033
H1-edge,hybrid,3,66,0,0.337,1550,2031
H1-edge,hybrid,3,67,0,0.342,1550,2032
H1-edge,hybrid,3,68,0,0.334,1550,2033
H1-edge,hybrid,3,69,0,0.342,1550,2032
H1-edge,hybrid,3,70,0,0.337,1550,2032
H1-edge,hybrid,3,71,0,0.387,1550,2033
H1-edge,hybrid,3,72,0,0.356,1550,2033
H1-edge,hybrid,3,73,0,0.353,1550,2032
H1-edge,hybrid,3,74,0,0.348,1550,2032
H1-edge,hybrid,3,75,0,0.334,1550,2033
H1-edge,hybrid,3,76,0,0.367,1550,2033
H1-edge,hybrid,3,77,0,0.341,1550,2031
H1-edge,hybrid,3,78,0,0.348,1550,2032
H1-edge,hybrid,3,79,0,0.389,1550,2031
H1-edge,hybrid,3,80,0,0.376,1550,2032
H1-edge,hybrid,3,81,0,0.333,1550,2033
H1-edge,hybrid,3,82,0,0.35,1550,2031
H1-edge,hybrid,3,83,0,0.328,1550,2033
H1-edge,hybrid,3,84,0,0.326,1550,2032
H1-edge,hybrid,3,85,0,0.35,1550,2031
H1-edge,hybrid,3,86,0,0.36,1550,2032
H1-edge,hybrid,3,87,0,0.337,1550,2031
H1-edge,hybrid,3,88,0,0.377,1550,2032
H1-edge,hybrid,3,89,0,0.369,1550,2032
H1-edge,hybrid,3,90,0,0.397,1550,2032
H1-edge,hybrid,3,91,0,0.35,1550,2033
H1-edge,hybrid,3,92,0,0.368,1550,2032
H1-edge,hybrid,3,93,0,0.387,1550,2031
H1-edge,hybrid,3,94,0,0.351,1550,2032
H1-edge,hybrid,3,95,0,0.34,1550,2032
H1-edge,hybrid,3,96,0,0.387,1550,2032
H1-edge,hybrid,3,97,0,0.335,1550,2031
H1-edge,hybrid,3,98,0,0.37,1550,2032
H1-edge,hybrid,3,99,0,0.327,1550,2031
H1-edge,hybrid,3,100,0,0.369,1550,2032
H1-edge,hybrid,3,101,0,0.336,1550,2032
H1-edge,hybrid,3,102,0,0.327,1550,2033
H1-edge,hybrid,3,103,0,0.343,1550,2033
H1-edge,hybrid,3,104,0,0.348,1550,2032
H1-edge,hybrid,3,105,0,0.363,1550,2032
H1-edge,hybrid,3,106,0,0.342,1550,2033
H1-edge,hybrid,3,107,0,0.368,1550,2032
H1-edge,hybrid,3,108,0,0.346,1550,2033
H1-edge,hybrid,3,109,0,0.364,1550,2032
H2a-py,hybrid,3,0,1,0.511,1555,2027
H2a-py,hybrid,3,1,1,0.338,1555,2028
H2a-py,hybrid,3,2,1,0.415,1555,2028
H2a-py,hybrid,3,3,1,1.252,1555,2028
H2a-py,hybrid,3,4,1,0.359,1555,2027
H2a-py,hybrid,3,5,1,0.366,1555,2028
H2a-py,hybrid,3,6,1,0.345,1555,2028
H2a-py,hybrid,3,7,1,0.399,1555,2029
H2a-py,hybrid,3,8,1,0.343,1555,2029
H2a-py,hybrid,3,9,1,0.364,1555,2029
H2a-py,hybrid,3,10,0,0.345,1555,2027
H2a-py,hybrid,3,11,0,0.347,1555,2028
H2a-py,hybrid,3,12,0,0.432,1555,2029
H2a-py,hybrid,3,13,0,0.362,1555,2027
H2a-py,hybrid,3,14,0,0.389,1555,2028
H2a-py,hybrid,3,15,0,0.34,1555,2027
H2a-py,hybrid,3,16,0,0.375,1555,2028
H2a-py,hybrid,3,17,0,0.354,1555,2028
H2a-py,hybrid,3,18,0,0.362,1555,2029
H2a-py,hybrid,3,19,0,0.341,1555,2029
H2a-py,hybrid,3,20,0,0.34,1555,2027
H2a-py,hybrid,3,21,0,0.345,1555,2027
H2a-py,hybrid,3,22,0,0.358,1555,2028
H2a-py,hybrid,3,23,0,0.359,1555,2027
H2a-py,hybrid,3,24,0,0.354,1555,2027
H2a-py,hybrid,3,25,0,0.349,1555,2027
H2a-py,hybrid,3,26,0,0.358,1555,2028
H2a-py,hybrid,3,27,0,0.348,1555,2028
H2a-py,hybrid,3,28,0,0.351,1555,2028
H2a-py,hybrid,3,29,0,0.332,1555,2028
H2a-py,hybrid,3,30,0,0.364,1555,2028
H2a-py,hybrid,3,31,0,0.343,1555,2029
H2a-py,hybrid,3,32,0,0.376,1555,2028
H2a-py,hybrid,3,33,0,0.344,1555,2028
H2a-py,hybrid,3,34,0,0.375,1555,2028
H2a-py,hybrid,3,35,0,0.347,1555,2028
H2a-py,hybrid,3,36,0,0.359,1555,2028
H2a-py,hybrid,3,37,0,0.352,1555,2028
H2a-py,hybrid,3,38,0,0.373,1555,2027
H2a-py,hybrid,3,39,0,0.41,1555,2027
H2a-py,hybrid,3,40,0,0.363,1555,2029
H2a-py,hybrid,3,41,0,0.358,1555,2027
H2a-py,hybrid,3,42,0,0.35,1555,2028
H2a-py,hybrid,3,43,0,0.34,1555,2027
H2a-py,hybrid,3,44,0,0.374,1555,2029
H2a-py,hybrid,3,45,0,0.394,1555,2028
H2a-py,hybrid,3,46,0,0.347,1555,2028
H2a-py,hybrid,3,47,0,0.367,1555,2028
H2a-py,hybrid,3,48,0,0.369,1555,2029
H2a-py,hybrid,3,49,0,0.339,1555,2027
H2a-py,hybrid,3,50,0,0.355,1555,2027
H2a-py,hybrid,3,51,0,0.356,1555,2028
H2a-py,hybrid,3,52,0,0.339,1555,2029
H2a-py,hybrid,3,53,0,0.342,1555,2029
H2a-py,hybrid,3,54,0,0.34,1555,2028
H2a-py,hybrid,3,55,0,0.35,1555,2028
H2a-py,hybrid,3,56,0,0.337,1555,2029
H2a-py,hybrid,3,57,0,0.365,1555,2028
H2a-py,hybrid,3,58,0,0.344,1555,2027
H2a-py,hybrid,3,59,0,0.376,1555,2028
H2a-py,hybrid,3,60,0,0.337,1555,2028
H2a-py,hybrid,3,61,0,0.377,1555,2028
H2a-py,hybrid,3,62,0,0.328,1555,2028
H2a-py,hybrid,3,63,0,0.349,1555,2029
H2a-py,hybrid,3,64,0,0.364,1555,2027
H2a-py,hybrid,3,65,0,0.392,1555,2027
H2a-py,hybrid,3,66,0,0.336,1555,2028
H2a-py,hybrid,3,67,0,0.357,1555,2028
H2a-py,hybrid,3,68,0,0.374,1555,2028
H2a-py,hybrid,3,69,0,0.355,1555,2027
H2a-py,hybrid,3,70,0,0.336,1555,2027
H2a-py,hybrid,3,71,0,0.335,1555,2028
H2a-py,hybrid,3,72,0,0.34,1555,2028
H2a-py,hybrid,3,73,0,0.341,1555,2027
H2a-py,hybrid,3,74,0,0.357,1555,2027
H2a-py,hybrid,3,75,0,0.362,1555,2028
H2a-py,hybrid,3,76,0,0.361,1555,2028
H2a-py,hybrid,3,77,0,0.33,1555,2028
H2a-py,hybrid,3,78,0,0.36,1555,2028
H2a-py,hybrid,3,79,0,0.33,1555,2027
H2a-py,hybrid,3,80,0,0.348,1555,2029
H2a-py,hybrid,3,81,0,0.363,1555,2027
H2a-py,hybrid,3,82,0,0.357,1555,2028
H2a-py,hybrid,3,83,0,0.358,1555,2027
H2a-py,hybrid,3,84,0,0.382,1555,2029
H2a-py,hybrid,3,85,0,0.386,1555,2029
H2a-py,hybrid,3,86,0,0.394,1555,2029
H2a-py,hybrid,3,87,0,0.375,1555,2027
H2a-py,hybrid,3,88,0,0.443,1555,2029
H2a-py,hybrid,3,89,0,0.357,1555,2028
H2a-py,hybrid,3,90,0,0.368,1555,2029
H2a-py,hybrid,3,91,0,0.348,1555,2028
H2a-py,hybrid,3,92,0,0.368,1555,2028
H2a-py,hybrid,3,93,0,0.36,1555,2027
H2a-py,hybrid,3,94,0,0.359,1555,2028
H2a-py,hybrid,3,95,0,0.35,1555,2028
H2a-py,hybrid,3,96,0,0.362,1555,2028
H2a-py,hybrid,3,97,0,0.386,1555,2029
H2a-py,hybrid,3,98,0,0.339,1555,2029
H2a-py,hybrid,3,99,0,0.362,1555,2029
H2a-py,hybrid,3,100,0,0.349,1555,2029
H2a-py,hybrid,3,101,0,0.345,1555,2028
H2a-py,hybrid,3,102,0,0.342,1555,2029
H2a-py,hybrid,3,103,0,0.355,1555,2027
H2a-py,hybrid,3,104,0,0.344,1555,2028
H2a-py,hybrid,3,105,0,0.354,1555,2027
H2a-py,hybrid,3,106,0,0.344,1555,2028
H2a-py,hybrid,3,107,0,0.373,1555,2028
H2a-py,hybrid,3,108,0,0.385,1555,2029
H2a-py,hybrid,3,109,0,0.397,1555,2028
H2b-node,hybrid,3,0,1,0.597,1553,2028
H2b-node,hybrid,3,1,1,0.348,1553,2028
H2b-node,hybrid,3,2,1,0.343,1553,2028
H2b-node,hybrid,3,3,1,0.402,1553,2028
H2b-node,hybrid,3,4,1,0.344,1553,2027
H2b-node,hybrid,3,5,1,0.328,1553,2029
H2b-node,hybrid,3,6,1,0.339,1553,2029
H2b-node,hybrid,3,7,1,0.357,1553,2028
H2b-node,hybrid,3,8,1,0.333,1553,2028
H2b-node,hybrid,3,9,1,0.347,1553,2029
H2b-node,hybrid,3,10,0,0.332,1553,2028
H2b-node,hybrid,3,11,0,0.414,1553,2029
H2b-node,hybrid,3,12,0,0.345,1553,2029
H2b-node,hybrid,3,13,0,0.368,1553,2028
H2b-node,hybrid,3,14,0,0.331,1553,2028
H2b-node,hybrid,3,15,0,0.38,1553,2028
H2b-node,hybrid,3,16,0,0.328,1553,2029
H2b-node,hybrid,3,17,0,0.352,1553,2029
H2b-node,hybrid,3,18,0,0.328,1553,2029
H2b-node,hybrid,3,19,0,0.352,1553,2027
H2b-node,hybrid,3,20,0,0.329,1553,2028
H2b-node,hybrid,3,21,0,0.396,1553,2028
H2b-node,hybrid,3,22,0,0.375,1553,2028
H2b-node,hybrid,3,23,0,0.362,1553,2028
H2b-node,hybrid,3,24,0,0.374,1553,2028
H2b-node,hybrid,3,25,0,0.369,1553,2027
H2b-node,hybrid,3,26,0,0.415,1553,2029
H2b-node,hybrid,3,27,0,0.706,1553,2027
H2b-node,hybrid,3,28,0,0.442,1553,2027
H2b-node,hybrid,3,29,0,0.361,1553,2028
H2b-node,hybrid,3,30,0,0.369,1553,2027
H2b-node,hybrid,3,31,0,0.345,1553,2028
H2b-node,hybrid,3,32,0,0.344,1553,2028
H2b-node,hybrid,3,33,0,0.369,1553,2027
H2b-node,hybrid,3,34,0,0.325,1553,2029
H2b-node,hybrid,3,35,0,0.344,1553,2029
H2b-node,hybrid,3,36,0,0.357,1553,2029
H2b-node,hybrid,3,37,0,0.337,1553,2028
H2b-node,hybrid,3,38,0,0.327,1553,2028
H2b-node,hybrid,3,39,0,0.367,1553,2027
H2b-node,hybrid,3,40,0,0.348,1553,2027
H2b-node,hybrid,3,41,0,0.323,1553,2028
H2b-node,hybrid,3,42,0,0.326,1553,2029
H2b-node,hybrid,3,43,0,0.377,1553,2027
H2b-node,hybrid,3,44,0,0.343,1553,2027
H2b-node,hybrid,3,45,0,0.346,1553,2029
H2b-node,hybrid,3,46,0,0.38,1553,2028
H2b-node,hybrid,3,47,0,0.335,1553,2028
H2b-node,hybrid,3,48,0,0.327,1553,2029
H2b-node,hybrid,3,49,0,0.35,1553,2029
H2b-node,hybrid,3,50,0,0.329,1553,2028
H2b-node,hybrid,3,51,0,0.353,1553,2028
H2b-node,hybrid,3,52,0,0.342,1553,2028
H2b-node,hybrid,3,53,0,0.328,1553,2029
H2b-node,hybrid,3,54,0,0.338,1553,2029
H2b-node,hybrid,3,55,0,0.348,1553,2029
H2b-node,hybrid,3,56,0,0.351,1553,2028
H2b-node,hybrid,3,57,0,0.333,1553,2029
H2b-node,hybrid,3,58,0,0.382,1553,2028
H2b-node,hybrid,3,59,0,0.342,1553,2028
H2b-node,hybrid,3,60,0,0.374,1553,2028
H2b-node,hybrid,3,61,0,0.342,1553,2027
H2b-node,hybrid,3,62,0,0.352,1553,2028
H2b-node,hybrid,3,63,0,0.334,1553,2027
H2b-node,hybrid,3,64,0,0.363,1553,2029
H2b-node,hybrid,3,65,0,0.331,1553,2028
H2b-node,hybrid,3,66,0,0.376,1553,2028
H2b-node,hybrid,3,67,0,0.337,1553,2029
H2b-node,hybrid,3,68,0,0.36,1553,2028
H2b-node,hybrid,3,69,0,0.355,1553,2028
H2b-node,hybrid,3,70,0,0.378,1553,2028
H2b-node,hybrid,3,71,0,0.35,1553,2028
H2b-node,hybrid,3,72,0,0.367,1553,2029
H2b-node,hybrid,3,73,0,0.35,1553,2027
H2b-node,hybrid,3,74,0,0.373,1553,2028
H2b-node,hybrid,3,75,0,0.345,1553,2028
H2b-node,hybrid,3,76,0,0.369,1553,2028
H2b-node,hybrid,3,77,0,0.343,1553,2029
H2b-node,hybrid,3,78,0,0.378,1553,2027
H2b-node,hybrid,3,79,0,0.328,1553,2027
H2b-node,hybrid,3,80,0,0.353,1553,2027
H2b-node,hybrid,3,81,0,0.343,1553,2027
H2b-node,hybrid,3,82,0,0.33,1553,2027
H2b-node,hybrid,3,83,0,0.363,1553,2029
H2b-node,hybrid,3,84,0,0.337,1553,2028
H2b-node,hybrid,3,85,0,0.327,1553,2029
H2b-node,hybrid,3,86,0,0.341,1553,2029
H2b-node,hybrid,3,87,0,0.329,1553,2028
H2b-node,hybrid,3,88,0,0.327,1553,2028
H2b-node,hybrid,3,89,0,0.354,1553,2028
H2b-node,hybrid,3,90,0,0.329,1553,2028
H2b-node,hybrid,3,91,0,0.352,1553,2028
H2b-node,hybrid,3,92,0,0.336,1553,2028
H2b-node,hybrid,3,93,0,0.354,1553,2027
H2b-node,hybrid,3,94,0,0.344,1553,2029
H2b-node,hybrid,3,95,0,0.643,1553,2027
H2b-node,hybrid,3,96,0,0.356,1553,2028
H2b-node,hybrid,3,97,0,0.353,1553,2029
H2b-node,hybrid,3,98,0,0.344,1553,2028
H2b-node,hybrid,3,99,0,0.372,1553,2029
H2b-node,hybrid,3,100,0,0.34,1553,2029
H2b-node,hybrid,3,101,0,0.357,1553,2028
H2b-node,hybrid,3,102,0,0.331,1553,2028
H2b-node,hybrid,3,103,0,0.351,1553,2027
H2b-node,hybrid,3,104,0,0.344,1553,2028
H2b-node,hybrid,3,105,0,0.374,1553,2029
H2b-node,hybrid,3,106,0,0.34,1553,2027
H2b-node,hybrid,3,107,0,0.335,1553,2027
H2b-node,hybrid,3,108,0,0.333,1553,2028
H2b-node,hybrid,3,109,0,0.329,1553,2028
H3-pg,hybrid,3,0,1,0.501,1546,2027
H3-pg,hybrid,3,1,1,0.501,1546,2028
H3-pg,hybrid,3,2,1,0.46,1546,2027
H3-pg,hybrid,3,3,1,0.466,1546,2028
H3-pg,hybrid,3,4,1,0.507,1546,2028
H3-pg,hybrid,3,5,1,0.506,1546,2028
H3-pg,hybrid,3,6,1,0.472,1546,2027
H3-pg,hybrid,3,7,1,0.478,1546,2027
H3-pg,hybrid,3,8,1,0.497,1546,2028
H3-pg,hybrid,3,9,1,0.454,1546,2027
H3-pg,hybrid,3,10,0,0.435,1546,2028
H3-pg,hybrid,3,11,0,0.441,1546,2028
H3-pg,hybrid,3,12,0,0.475,1546,2028
H3-pg,hybrid,3,13,0,0.5,1546,2027
H3-pg,hybrid,3,14,0,0.432,1546,2028
H3-pg,hybrid,3,15,0,0.454,1546,2027
H3-pg,hybrid,3,16,0,0.5,1546,2028
H3-pg,hybrid,3,17,0,0.454,1546,2028
H3-pg,hybrid,3,18,0,0.449,1546,2029
H3-pg,hybrid,3,19,0,0.444,1546,2027
H3-pg,hybrid,3,20,0,0.446,1546,2027
H3-pg,hybrid,3,21,0,0.471,1546,2027
H3-pg,hybrid,3,22,0,0.484,1546,2029
H3-pg,hybrid,3,23,0,0.481,1546,2028
H3-pg,hybrid,3,24,0,0.456,1546,2028
H3-pg,hybrid,3,25,0,0.452,1546,2027
H3-pg,hybrid,3,26,0,0.439,1546,2029
H3-pg,hybrid,3,27,0,0.466,1546,2028
H3-pg,hybrid,3,28,0,0.489,1546,2028
H3-pg,hybrid,3,29,0,0.457,1546,2029
H3-pg,hybrid,3,30,0,0.497,1546,2027
H3-pg,hybrid,3,31,0,0.485,1546,2028
H3-pg,hybrid,3,32,0,0.464,1546,2028
H3-pg,hybrid,3,33,0,0.451,1546,2027
H3-pg,hybrid,3,34,0,0.461,1546,2028
H3-pg,hybrid,3,35,0,0.475,1546,2028
H3-pg,hybrid,3,36,0,0.455,1546,2027
H3-pg,hybrid,3,37,0,0.44,1546,2027
H3-pg,hybrid,3,38,0,0.444,1546,2028
H3-pg,hybrid,3,39,0,0.476,1546,2027
H3-pg,hybrid,3,40,0,0.462,1546,2027
H3-pg,hybrid,3,41,0,0.487,1546,2028
H3-pg,hybrid,3,42,0,0.443,1546,2028
H3-pg,hybrid,3,43,0,0.456,1546,2028
H3-pg,hybrid,3,44,0,0.444,1546,2029
H3-pg,hybrid,3,45,0,0.463,1546,2028
H3-pg,hybrid,3,46,0,0.458,1546,2028
H3-pg,hybrid,3,47,0,0.448,1546,2028
H3-pg,hybrid,3,48,0,0.445,1546,2029
H3-pg,hybrid,3,49,0,0.434,1546,2029
H3-pg,hybrid,3,50,0,0.442,1546,2027
H3-pg,hybrid,3,51,0,0.473,1546,2028
H3-pg,hybrid,3,52,0,0.461,1546,2027
H3-pg,hybrid,3,53,0,0.46,1546,2029
H3-pg,hybrid,3,54,0,0.441,1546,2029
H3-pg,hybrid,3,55,0,0.467,1546,2029
H3-pg,hybrid,3,56,0,0.458,1546,2028
H3-pg,hybrid,3,57,0,0.435,1546,2028
H3-pg,hybrid,3,58,0,0.428,1546,2029
H3-pg,hybrid,3,59,0,0.47,1546,2028
H3-pg,hybrid,3,60,0,0.477,1546,2029
H3-pg,hybrid,3,61,0,0.47,1546,2027
H3-pg,hybrid,3,62,0,0.456,1546,2027
H3-pg,hybrid,3,63,0,0.434,1546,2027
H3-pg,hybrid,3,64,0,0.449,1546,2028
H3-pg,hybrid,3,65,0,0.437,1546,2028
H3-pg,hybrid,3,66,0,0.45,1546,2028
H3-pg,hybrid,3,67,0,0.479,1546,2028
H3-pg,hybrid,3,68,0,0.436,1546,2027
H3-pg,hybrid,3,69,0,0.426,1546,2028
H3-pg,hybrid,3,70,0,0.464,1546,2028
H3-pg,hybrid,3,71,0,0.47,1546,2028
H3-pg,hybrid,3,72,0,0.459,1546,2029
H3-pg,hybrid,3,73,0,0.442,1546,2028
H3-pg,hybrid,3,74,0,0.452,1546,2028
H3-pg,hybrid,3,75,0,0.471,1546,2027
H3-pg,hybrid,3,76,0,0.487,1546,2027
H3-pg,hybrid,3,77,0,0.458,1546,2027
H3-pg,hybrid,3,78,0,0.433,1546,2027
H3-pg,hybrid,3,79,0,0.434,1546,2029
H3-pg,hybrid,3,80,0,0.445,1546,2029
H3-pg,hybrid,3,81,0,0.478,1546,2027
H3-pg,hybrid,3,82,0,0.467,1546,2028
H3-pg,hybrid,3,83,0,0.468,1546,2029
H3-pg,hybrid,3,84,0,0.442,1546,2029
H3-pg,hybrid,3,85,0,0.438,1546,2029
H3-pg,hybrid,3,86,0,0.478,1546,2028
H3-pg,hybrid,3,87,0,0.467,1546,2027
H3-pg,hybrid,3,88,0,0.45,1546,2028
H3-pg,hybrid,3,89,0,0.478,1546,2027
H3-pg,hybrid,3,90,0,0.438,1546,2028
H3-pg,hybrid,3,91,0,0.517,1546,2028
H3-pg,hybrid,3,92,0,0.465,1546,2027
H3-pg,hybrid,3,93,0,0.494,1546,2028
H3-pg,hybrid,3,94,0,0.428,1546,2028
H3-pg,hybrid,3,95,0,0.47,1546,2027
H3-pg,hybrid,3,96,0,0.448,1546,2028
H3-pg,hybrid,3,97,0,0.438,1546,2028
H3-pg,hybrid,3,98,0,0.479,1546,2027
H3-pg,hybrid,3,99,0,0.466,1546,2027
H3-pg,hybrid,3,100,0,0.438,1546,2028
H3-pg,hybrid,3,101,0,0.452,1546,2028
H3-pg,hybrid,3,102,0,0.437,1546,2027
H3-pg,hybrid,3,103,0,0.474,1546,2028
H3-pg,hybrid,3,104,0,0.454,1546,2029
H3-pg,hybrid,3,105,0,0.444,1546,2027
H3-pg,hybrid,3,106,0,0.457,1546,2027
H3-pg,hybrid,3,107,0,0.448,1546,2027
H3-pg,hybrid,3,108,0,0.462,1546,2028
H3-pg,hybrid,3,109,0,0.487,1546,2027
H4-redis,hybrid,3,0,1,0.403,1543,2027
H4-redis,hybrid,3,1,1,0.377,1543,2027
H4-redis,hybrid,3,2,1,0.348,1543,2028
H4-redis,hybrid,3,3,1,0.373,1543,2028
H4-redis,hybrid,3,4,1,0.353,1543,2028
H4-redis,hybrid,3,5,1,0.348,1543,2029
H4-redis,hybrid,3,6,1,0.348,1543,2029
H4-redis,hybrid,3,7,1,0.379,1543,2027
H4-redis,hybrid,3,8,1,0.364,1543,2029
H4-redis,hybrid,3,9,1,0.379,1543,2029
H4-redis,hybrid,3,10,0,0.344,1543,2029
H4-redis,hybrid,3,11,0,0.353,1543,2028
H4-redis,hybrid,3,12,0,0.345,1543,2027
H4-redis,hybrid,3,13,0,0.404,1543,2029
H4-redis,hybrid,3,14,0,0.338,1543,2028
H4-redis,hybrid,3,15,0,0.36,1543,2027
H4-redis,hybrid,3,16,0,0.34,1543,2028
H4-redis,hybrid,3,17,0,0.361,1543,2029
H4-redis,hybrid,3,18,0,0.338,1543,2028
H4-redis,hybrid,3,19,0,0.39,1543,2029
H4-redis,hybrid,3,20,0,0.353,1543,2028
H4-redis,hybrid,3,21,0,0.372,1543,2028
H4-redis,hybrid,3,22,0,0.351,1543,2028
H4-redis,hybrid,3,23,0,0.357,1543,2029
H4-redis,hybrid,3,24,0,0.36,1543,2028
H4-redis,hybrid,3,25,0,0.35,1543,2027
H4-redis,hybrid,3,26,0,0.341,1543,2029
H4-redis,hybrid,3,27,0,0.34,1543,2029
H4-redis,hybrid,3,28,0,0.367,1543,2028
H4-redis,hybrid,3,29,0,0.357,1543,2029
H4-redis,hybrid,3,30,0,0.342,1543,2028
H4-redis,hybrid,3,31,0,0.33,1543,2027
H4-redis,hybrid,3,32,0,0.34,1543,2028
H4-redis,hybrid,3,33,0,0.338,1543,2028
H4-redis,hybrid,3,34,0,0.377,1543,2028
H4-redis,hybrid,3,35,0,0.346,1543,2028
H4-redis,hybrid,3,36,0,0.371,1543,2028
H4-redis,hybrid,3,37,0,0.345,1543,2029
H4-redis,hybrid,3,38,0,0.343,1543,2027
H4-redis,hybrid,3,39,0,0.333,1543,2028
H4-redis,hybrid,3,40,0,0.366,1543,2029
H4-redis,hybrid,3,41,0,0.354,1543,2029
H4-redis,hybrid,3,42,0,0.379,1543,2029
H4-redis,hybrid,3,43,0,0.333,1543,2028
H4-redis,hybrid,3,44,0,0.344,1543,2028
H4-redis,hybrid,3,45,0,0.339,1543,2027
H4-redis,hybrid,3,46,0,0.328,1543,2028
H4-redis,hybrid,3,47,0,0.343,1543,2028
H4-redis,hybrid,3,48,0,0.321,1543,2027
H4-redis,hybrid,3,49,0,0.361,1543,2028
H4-redis,hybrid,3,50,0,0.349,1543,2029
H4-redis,hybrid,3,51,0,0.367,1543,2027
H4-redis,hybrid,3,52,0,0.334,1543,2028
H4-redis,hybrid,3,53,0,0.347,1543,2029
H4-redis,hybrid,3,54,0,0.338,1543,2028
H4-redis,hybrid,3,55,0,0.349,1543,2028
H4-redis,hybrid,3,56,0,0.348,1543,2028
H4-redis,hybrid,3,57,0,0.352,1543,2029
H4-redis,hybrid,3,58,0,0.344,1543,2027
H4-redis,hybrid,3,59,0,0.386,1543,2027
H4-redis,hybrid,3,60,0,0.345,1543,2028
H4-redis,hybrid,3,61,0,0.357,1543,2027
H4-redis,hybrid,3,62,0,0.327,1543,2029
H4-redis,hybrid,3,63,0,0.356,1543,2029
H4-redis,hybrid,3,64,0,0.335,1543,2028
H4-redis,hybrid,3,65,0,0.325,1543,2027
H4-redis,hybrid,3,66,0,0.335,1543,2029
H4-redis,hybrid,3,67,0,0.335,1543,2027
H4-redis,hybrid,3,68,0,0.338,1543,2028
H4-redis,hybrid,3,69,0,0.327,1543,2028
H4-redis,hybrid,3,70,0,0.349,1543,2029
H4-redis,hybrid,3,71,0,0.337,1543,2028
H4-redis,hybrid,3,72,0,0.342,1543,2027
H4-redis,hybrid,3,73,0,0.324,1543,2028
H4-redis,hybrid,3,74,0,0.323,1543,2027
H4-redis,hybrid,3,75,0,0.332,1543,2029
H4-redis,hybrid,3,76,0,0.339,1543,2028
H4-redis,hybrid,3,77,0,0.367,1543,2027
H4-redis,hybrid,3,78,0,0.356,1543,2028
H4-redis,hybrid,3,79,0,0.35,1543,2028
H4-redis,hybrid,3,80,0,0.346,1543,2028
H4-redis,hybrid,3,81,0,0.356,1543,2028
H4-redis,hybrid,3,82,0,0.34,1543,2027
H4-redis,hybrid,3,83,0,0.356,1543,2028
H4-redis,hybrid,3,84,0,0.34,1543,2027
H4-redis,hybrid,3,85,0,0.344,1543,2028
H4-redis,hybrid,3,86,0,0.345,1543,2029
H4-redis,hybrid,3,87,0,0.35,1543,2027
H4-redis,hybrid,3,88,0,0.342,1543,2028
H4-redis,hybrid,3,89,0,0.332,1543,2028
H4-redis,hybrid,3,90,0,0.331,1543,2028
H4-redis,hybrid,3,91,0,0.334,1543,2029
H4-redis,hybrid,3,92,0,0.333,1543,2029
H4-redis,hybrid,3,93,0,0.328,1543,2028
H4-redis,hybrid,3,94,0,0.348,1543,2028
H4-redis,hybrid,3,95,0,0.342,1543,2028
H4-redis,hybrid,3,96,0,0.335,1543,2028
H4-redis,hybrid,3,97,0,0.344,1543,2028
H4-redis,hybrid,3,98,0,0.361,1543,2027
H4-redis,hybrid,3,99,0,0.323,1543,2028
H4-redis,hybrid,3,100,0,0.334,1543,2028
H4-redis,hybrid,3,101,0,0.327,1543,2027
H4-redis,hybrid,3,102,0,0.328,1543,2028
H4-redis,hybrid,3,103,0,0.325,1543,2029
H4-redis,hybrid,3,104,0,0.334,1543,2028
H4-redis,hybrid,3,105,0,0.348,1543,2027
H4-redis,hybrid,3,106,0,0.325,1543,2028
H4-redis,hybrid,3,107,0,0.36,1543,2029
H4-redis,hybrid,3,108,0,0.327,1543,2029
H4-redis,hybrid,3,109,0,0.34,1543,2027
H1-edge,classic,1,0,1,0.643,597,944
H1-edge,classic,1,1,1,0.482,597,944
H1-edge,classic,1,2,1,0.435,597,944
H1-edge,classic,1,3,1,0.459,597,944
H1-edge,classic,1,4,1,0.443,597,943
H1-edge,classic,1,5,1,0.438,597,943
H1-edge,classic,1,6,1,0.533,597,944
H1-edge,classic,1,7,1,0.432,597,943
H1-edge,classic,1,8,1,0.342,597,945
H1-edge,classic,1,9,1,0.302,597,944
H1-edge,classic,1,10,0,0.293,597,944
H1-edge,classic,1,11,0,0.279,597,944
H1-edge,classic,1,12,0,0.284,597,944
H1-edge,classic,1,13,0,0.34,597,944
H1-edge,classic,1,14,0,0.316,597,944
H1-edge,classic,1,15,0,0.275,597,943
H1-edge,classic,1,16,0,0.262,597,943
H1-edge,classic,1,17,0,0.31,597,943
H1-edge,classic,1,18,0,0.306,597,944
H1-edge,classic,1,19,0,0.274,597,944
H1-edge,classic,1,20,0,0.273,597,944
H1-edge,classic,1,21,0,0.263,597,945
H1-edge,classic,1,22,0,0.255,597,944
H1-edge,classic,1,23,0,0.278,597,944
H1-edge,classic,1,24,0,0.3,597,943
H1-edge,classic,1,25,0,0.282,597,945
H1-edge,classic,1,26,0,0.266,597,944
H1-edge,classic,1,27,0,0.264,597,945
H1-edge,classic,1,28,0,0.284,597,945
H1-edge,classic,1,29,0,0.322,597,944
H1-edge,classic,1,30,0,0.299,597,944
H1-edge,classic,1,31,0,0.29,597,944
H1-edge,classic,1,32,0,0.283,597,944
H1-edge,classic,1,33,0,0.266,597,944
H1-edge,classic,1,34,0,0.297,597,944
H1-edge,classic,1,35,0,0.3,597,943
H1-edge,classic,1,36,0,0.27,597,943
H1-edge,classic,1,37,0,0.308,597,944
H1-edge,classic,1,38,0,0.27,597,945
H1-edge,classic,1,39,0,0.267,597,943
H1-edge,classic,1,40,0,0.281,597,945
H1-edge,classic,1,41,0,0.266,597,943
H1-edge,classic,1,42,0,0.285,597,945
H1-edge,classic,1,43,0,0.276,597,943
H1-edge,classic,1,44,0,0.258,597,944
H1-edge,classic,1,45,0,0.26,597,943
H1-edge,classic,1,46,0,0.268,597,943
H1-edge,classic,1,47,0,0.28,597,944
H1-edge,classic,1,48,0,0.275,597,944
H1-edge,classic,1,49,0,0.259,597,943
H1-edge,classic,1,50,0,0.282,597,944
H1-edge,classic,1,51,0,0.263,597,944
H1-edge,classic,1,52,0,0.307,597,943
H1-edge,classic,1,53,0,0.263,597,944
H1-edge,classic,1,54,0,0.271,597,943
H1-edge,classic,1,55,0,0.26,597,944
H1-edge,classic,1,56,0,0.269,597,944
H1-edge,classic,1,57,0,0.292,597,944
H1-edge,classic,1,58,0,0.291,597,944
H1-edge,classic,1,59,0,0.259,597,943
H1-edge,classic,1,60,0,0.265,597,943
H1-edge,classic,1,61,0,0.252,597,943
H1-edge,classic,1,62,0,0.295,597,943
H1-edge,classic,1,63,0,0.261,597,945
H1-edge,classic,1,64,0,0.263,597,944
H1-edge,classic,1,65,0,0.271,597,943
H1-edge,classic,1,66,0,0.281,597,944
H1-edge,classic,1,67,0,0.278,597,943
H1-edge,classic,1,68,0,0.25,597,944
H1-edge,classic,1,69,0,0.285,597,944
H1-edge,classic,1,70,0,0.281,597,945
H1-edge,classic,1,71,0,0.269,597,943
H1-edge,classic,1,72,0,0.306,597,944
H1-edge,classic,1,73,0,0.267,597,944
H1-edge,classic,1,74,0,0.276,597,943
H1-edge,classic,1,75,0,0.269,597,945
H1-edge,classic,1,76,0,0.275,597,943
H1-edge,classic,1,77,0,0.275,597,945
H1-edge,classic,1,78,0,0.259,597,944
H1-edge,classic,1,79,0,0.295,597,945
H1-edge,classic,1,80,0,0.282,597,944
H1-edge,classic,1,81,0,0.279,597,944
H1-edge,classic,1,82,0,0.308,597,945
H1-edge,classic,1,83,0,0.277,597,944
H1-edge,classic,1,84,0,0.285,597,945
H1-edge,classic,1,85,0,0.283,597,944
H1-edge,classic,1,86,0,0.272,597,944
H1-edge,classic,1,87,0,0.256,597,943
H1-edge,classic,1,88,0,0.266,597,945
H1-edge,classic,1,89,0,0.283,597,944
H1-edge,classic,1,90,0,0.283,597,944
H1-edge,classic,1,91,0,0.262,597,943
H1-edge,classic,1,92,0,0.267,597,944
H1-edge,classic,1,93,0,0.285,597,945
H1-edge,classic,1,94,0,0.29,597,945
H1-edge,classic,1,95,0,0.279,597,945
H1-edge,classic,1,96,0,0.273,597,944
H1-edge,classic,1,97,0,0.268,597,943
H1-edge,classic,1,98,0,0.268,597,945
H1-edge,classic,1,99,0,0.279,597,944
H1-edge,classic,1,100,0,0.275,597,945
H1-edge,classic,1,101,0,0.308,597,943
H1-edge,classic,1,102,0,0.27,597,943
H1-edge,classic,1,103,0,0.273,597,945
H1-edge,classic,1,104,0,0.279,597,944
H1-edge,classic,1,105,0,0.256,597,944
H1-edge,classic,1,106,0,0.338,597,944
H1-edge,classic,1,107,0,0.28,597,945
H1-edge,classic,1,108,0,0.288,597,945
H1-edge,classic,1,109,0,0.263,597,943
H2a-py,classic,1,0,1,0.616,597,941
H2a-py,classic,1,1,1,0.444,597,939
H2a-py,classic,1,2,1,0.296,597,940
H2a-py,classic,1,3,1,0.351,597,941
H2a-py,classic,1,4,1,0.292,597,940
H2a-py,classic,1,5,1,0.265,597,939
H2a-py,classic,1,6,1,0.262,597,941
H2a-py,classic,1,7,1,0.273,597,940
H2a-py,classic,1,8,1,0.256,597,941
H2a-py,classic,1,9,1,0.267,597,941
H2a-py,classic,1,10,0,0.335,597,939
H2a-py,classic,1,11,0,0.276,597,940
H2a-py,classic,1,12,0,0.287,597,939
H2a-py,classic,1,13,0,0.257,597,939
H2a-py,classic,1,14,0,0.269,597,940
H2a-py,classic,1,15,0,0.275,597,940
H2a-py,classic,1,16,0,0.26,597,939
H2a-py,classic,1,17,0,0.281,597,941
H2a-py,classic,1,18,0,0.254,597,940
H2a-py,classic,1,19,0,0.306,597,941
H2a-py,classic,1,20,0,0.311,597,940
H2a-py,classic,1,21,0,0.348,597,940
H2a-py,classic,1,22,0,0.292,597,940
H2a-py,classic,1,23,0,0.281,597,941
H2a-py,classic,1,24,0,0.279,597,940
H2a-py,classic,1,25,0,0.254,597,940
H2a-py,classic,1,26,0,0.272,597,940
H2a-py,classic,1,27,0,0.295,597,940
H2a-py,classic,1,28,0,0.285,597,941
H2a-py,classic,1,29,0,0.313,597,940
H2a-py,classic,1,30,0,0.263,597,941
H2a-py,classic,1,31,0,0.302,597,941
H2a-py,classic,1,32,0,0.273,597,941
H2a-py,classic,1,33,0,0.273,597,940
H2a-py,classic,1,34,0,0.283,597,939
H2a-py,classic,1,35,0,0.267,597,941
H2a-py,classic,1,36,0,0.281,597,940
H2a-py,classic,1,37,0,0.263,597,941
H2a-py,classic,1,38,0,0.279,597,939
H2a-py,classic,1,39,0,0.327,597,939
H2a-py,classic,1,40,0,0.269,597,940
H2a-py,classic,1,41,0,0.273,597,941
H2a-py,classic,1,42,0,0.268,597,939
H2a-py,classic,1,43,0,0.266,597,941
H2a-py,classic,1,44,0,0.264,597,940
H2a-py,classic,1,45,0,0.284,597,940
H2a-py,classic,1,46,0,0.294,597,940
H2a-py,classic,1,47,0,0.322,597,939
H2a-py,classic,1,48,0,0.282,597,941
H2a-py,classic,1,49,0,0.28,597,940
H2a-py,classic,1,50,0,0.276,597,939
H2a-py,classic,1,51,0,0.329,597,940
H2a-py,classic,1,52,0,0.286,597,939
H2a-py,classic,1,53,0,0.316,597,941
H2a-py,classic,1,54,0,0.275,597,940
H2a-py,classic,1,55,0,0.265,597,939
H2a-py,classic,1,56,0,0.265,597,940
H2a-py,classic,1,57,0,0.273,597,941
H2a-py,classic,1,58,0,0.286,597,939
H2a-py,classic,1,59,0,0.276,597,939
H2a-py,classic,1,60,0,0.309,597,941
H2a-py,classic,1,61,0,0.273,597,940
H2a-py,classic,1,62,0,0.292,597,940
H2a-py,classic,1,63,0,0.321,597,939
H2a-py,classic,1,64,0,0.285,597,940
H2a-py,classic,1,65,0,0.274,597,940
H2a-py,classic,1,66,0,0.264,597,940
H2a-py,classic,1,67,0,0.269,597,940
H2a-py,classic,1,68,0,0.277,597,939
H2a-py,classic,1,69,0,0.281,597,939
H2a-py,classic,1,70,0,0.294,597,941
H2a-py,classic,1,71,0,0.31,597,940
H2a-py,classic,1,72,0,0.305,597,940
H2a-py,classic,1,73,0,0.267,597,939
H2a-py,classic,1,74,0,0.264,597,940
H2a-py,classic,1,75,0,0.271,597,939
H2a-py,classic,1,76,0,0.27,597,940
H2a-py,classic,1,77,0,0.267,597,940
H2a-py,classic,1,78,0,0.26,597,940
H2a-py,classic,1,79,0,0.29,597,940
H2a-py,classic,1,80,0,0.3,597,941
H2a-py,classic,1,81,0,0.272,597,940
H2a-py,classic,1,82,0,0.281,597,939
H2a-py,classic,1,83,0,0.26,597,940
H2a-py,classic,1,84,0,0.291,597,939
H2a-py,classic,1,85,0,0.28,597,939
H2a-py,classic,1,86,0,0.277,597,940
H2a-py,classic,1,87,0,0.323,597,940
H2a-py,classic,1,88,0,0.284,597,940
H2a-py,classic,1,89,0,0.305,597,940
H2a-py,classic,1,90,0,0.288,597,940
H2a-py,classic,1,91,0,0.304,597,940
H2a-py,classic,1,92,0,0.263,597,940
H2a-py,classic,1,93,0,0.312,597,939
H2a-py,classic,1,94,0,0.326,597,939
H2a-py,classic,1,95,0,0.276,597,940
H2a-py,classic,1,96,0,0.273,597,941
H2a-py,classic,1,97,0,0.256,597,941
H2a-py,classic,1,98,0,0.254,597,940
H2a-py,classic,1,99,0,0.27,597,939
H2a-py,classic,1,100,0,0.269,597,940
H2a-py,classic,1,101,0,0.256,597,939
H2a-py,classic,1,102,0,0.259,597,941
H2a-py,classic,1,103,0,0.296,597,940
H2a-py,classic,1,104,0,0.333,597,941
H2a-py,classic,1,105,0,0.296,597,941
H2a-py,classic,1,106,0,0.258,597,939
H2a-py,classic,1,107,0,0.291,597,941
H2a-py,classic,1,108,0,0.258,597,939
H2a-py,classic,1,109,0,0.282,597,939
H2b-node,classic,1,0,1,0.874,597,940
H2b-node,classic,1,1,1,0.698,597,941
H2b-node,classic,1,2,1,0.317,597,940
H2b-node,classic,1,3,1,0.382,597,940
H2b-node,classic,1,4,1,0.323,597,939
H2b-node,classic,1,5,1,0.274,597,940
H2b-node,classic,1,6,1,0.422,597,938
H2b-node,classic,1,7,1,0.348,597,940
H2b-node,classic,1,8,1,0.269,597,941
H2b-node,classic,1,9,1,0.264,597,939
H2b-node,classic,1,10,0,0.286,597,939
H2b-node,classic,1,11,0,0.256,597,940
H2b-node,classic,1,12,0,0.378,597,941
H2b-node,classic,1,13,0,0.309,597,940
H2b-node,classic,1,14,0,0.282,597,940
H2b-node,classic,1,15,0,0.267,597,939
H2b-node,classic,1,16,0,0.327,597,939
H2b-node,classic,1,17,0,0.288,597,940
H2b-node,classic,1,18,0,0.275,597,939
H2b-node,classic,1,19,0,0.277,597,940
H2b-node,classic,1,20,0,0.257,597,941
H2b-node,classic,1,21,0,0.3,597,940
H2b-node,classic,1,22,0,0.28,597,939
H2b-node,classic,1,23,0,0.258,597,939
H2b-node,classic,1,24,0,0.24,597,940
H2b-node,classic,1,25,0,0.256,597,940
H2b-node,classic,1,26,0,0.276,597,940
H2b-node,classic,1,27,0,0.312,597,941
H2b-node,classic,1,28,0,0.282,597,941
H2b-node,classic,1,29,0,0.28,597,939
H2b-node,classic,1,30,0,0.273,597,939
H2b-node,classic,1,31,0,0.269,597,939
H2b-node,classic,1,32,0,0.29,597,940
H2b-node,classic,1,33,0,0.285,597,940
H2b-node,classic,1,34,0,0.494,597,940
H2b-node,classic,1,35,0,0.254,597,939
H2b-node,classic,1,36,0,0.27,597,939
H2b-node,classic,1,37,0,0.259,597,940
H2b-node,classic,1,38,0,0.243,597,940
H2b-node,classic,1,39,0,0.269,597,940
H2b-node,classic,1,40,0,0.28,597,941
H2b-node,classic,1,41,0,0.28,597,941
H2b-node,classic,1,42,0,0.353,597,940
H2b-node,classic,1,43,0,0.262,597,940
H2b-node,classic,1,44,0,0.253,597,940
H2b-node,classic,1,45,0,0.285,597,941
H2b-node,classic,1,46,0,0.282,597,940
H2b-node,classic,1,47,0,0.248,597,941
H2b-node,classic,1,48,0,0.266,597,940
H2b-node,classic,1,49,0,0.29,597,939
H2b-node,classic,1,50,0,0.264,597,941
H2b-node,classic,1,51,0,0.273,597,939
H2b-node,classic,1,52,0,0.253,597,940
H2b-node,classic,1,53,0,0.247,597,940
H2b-node,classic,1,54,0,0.31,597,941
H2b-node,classic,1,55,0,0.294,597,940
H2b-node,classic,1,56,0,0.267,597,940
H2b-node,classic,1,57,0,0.269,597,940
H2b-node,classic,1,58,0,0.262,597,941
H2b-node,classic,1,59,0,0.267,597,941
H2b-node,classic,1,60,0,0.279,597,940
H2b-node,classic,1,61,0,0.269,597,939
H2b-node,classic,1,62,0,0.261,597,940
H2b-node,classic,1,63,0,0.243,597,941
H2b-node,classic,1,64,0,0.265,597,940
H2b-node,classic,1,65,0,0.243,597,940
H2b-node,classic,1,66,0,0.534,597,939
H2b-node,classic,1,67,0,0.258,597,940
H2b-node,classic,1,68,0,0.323,597,941
H2b-node,classic,1,69,0,0.267,597,941
H2b-node,classic,1,70,0,0.27,597,941
H2b-node,classic,1,71,0,0.256,597,939
H2b-node,classic,1,72,0,0.244,597,939
H2b-node,classic,1,73,0,0.269,597,940
H2b-node,classic,1,74,0,0.249,597,939
H2b-node,classic,1,75,0,0.242,597,941
H2b-node,classic,1,76,0,0.298,597,939
H2b-node,classic,1,77,0,0.252,597,941
H2b-node,classic,1,78,0,0.297,597,941
H2b-node,classic,1,79,0,0.294,597,941
H2b-node,classic,1,80,0,0.254,597,939
H2b-node,classic,1,81,0,0.287,597,940
H2b-node,classic,1,82,0,0.269,597,941
H2b-node,classic,1,83,0,0.261,597,941
H2b-node,classic,1,84,0,0.257,597,939
H2b-node,classic,1,85,0,0.249,597,941
H2b-node,classic,1,86,0,0.289,597,939
H2b-node,classic,1,87,0,0.253,597,939
H2b-node,classic,1,88,0,0.28,597,940
H2b-node,classic,1,89,0,0.298,597,939
H2b-node,classic,1,90,0,0.266,597,940
H2b-node,classic,1,91,0,0.264,597,939
H2b-node,classic,1,92,0,0.265,597,940
H2b-node,classic,1,93,0,0.247,597,941
H2b-node,classic,1,94,0,0.277,597,939
H2b-node,classic,1,95,0,0.267,597,940
H2b-node,classic,1,96,0,0.285,597,941
H2b-node,classic,1,97,0,0.276,597,940
H2b-node,classic,1,98,0,0.254,597,940
H2b-node,classic,1,99,0,0.279,597,940
H2b-node,classic,1,100,0,0.278,597,941
H2b-node,classic,1,101,0,0.482,597,939
H2b-node,classic,1,102,0,0.24,597,941
H2b-node,classic,1,103,0,0.268,597,939
H2b-node,classic,1,104,0,0.249,597,940
H2b-node,classic,1,105,0,0.253,597,940
H2b-node,classic,1,106,0,0.263,597,940
H2b-node,classic,1,107,0,0.272,597,939
H2b-node,classic,1,108,0,0.252,597,941
H2b-node,classic,1,109,0,0.263,597,940
H3-pg,classic,1,0,1,0.406,597,951
H3-pg,classic,1,1,1,0.392,597,951
H3-pg,classic,1,2,1,0.344,597,949
H3-pg,classic,1,3,1,0.386,597,949
H3-pg,classic,1,4,1,0.377,597,949
H3-pg,classic,1,5,1,0.351,597,950
H3-pg,classic,1,6,1,0.391,597,951
H3-pg,classic,1,7,1,0.353,597,950
H3-pg,classic,1,8,1,0.351,597,950
H3-pg,classic,1,9,1,0.374,597,950
H3-pg,classic,1,10,0,0.519,597,950
H3-pg,classic,1,11,0,0.386,597,949
H3-pg,classic,1,12,0,0.332,597,950
H3-pg,classic,1,13,0,0.359,597,950
H3-pg,classic,1,14,0,0.36,597,950
H3-pg,classic,1,15,0,0.343,597,951
H3-pg,classic,1,16,0,0.372,597,950
H3-pg,classic,1,17,0,0.372,597,950
H3-pg,classic,1,18,0,0.368,597,949
H3-pg,classic,1,19,0,0.369,597,950
H3-pg,classic,1,20,0,0.361,597,951
H3-pg,classic,1,21,0,0.332,597,949
H3-pg,classic,1,22,0,0.341,597,950
H3-pg,classic,1,23,0,0.354,597,951
H3-pg,classic,1,24,0,0.319,597,950
H3-pg,classic,1,25,0,0.366,597,950
H3-pg,classic,1,26,0,0.374,597,950
H3-pg,classic,1,27,0,0.38,597,950
H3-pg,classic,1,28,0,0.36,597,950
H3-pg,classic,1,29,0,0.342,597,951
H3-pg,classic,1,30,0,0.367,597,951
H3-pg,classic,1,31,0,0.38,597,951
H3-pg,classic,1,32,0,0.341,597,951
H3-pg,classic,1,33,0,0.343,597,951
H3-pg,classic,1,34,0,0.376,597,949
H3-pg,classic,1,35,0,0.377,597,951
H3-pg,classic,1,36,0,0.358,597,950
H3-pg,classic,1,37,0,0.509,597,950
H3-pg,classic,1,38,0,0.405,597,950
H3-pg,classic,1,39,0,0.374,597,950
H3-pg,classic,1,40,0,0.348,597,949
H3-pg,classic,1,41,0,0.351,597,950
H3-pg,classic,1,42,0,0.372,597,950
H3-pg,classic,1,43,0,0.351,597,949
H3-pg,classic,1,44,0,0.351,597,950
H3-pg,classic,1,45,0,0.352,597,950
H3-pg,classic,1,46,0,0.331,597,950
H3-pg,classic,1,47,0,0.342,597,949
H3-pg,classic,1,48,0,0.35,597,951
H3-pg,classic,1,49,0,0.352,597,949
H3-pg,classic,1,50,0,0.383,597,951
H3-pg,classic,1,51,0,0.352,597,951
H3-pg,classic,1,52,0,0.372,597,950
H3-pg,classic,1,53,0,0.371,597,950
H3-pg,classic,1,54,0,0.348,597,950
H3-pg,classic,1,55,0,0.347,597,949
H3-pg,classic,1,56,0,0.362,597,950
H3-pg,classic,1,57,0,0.361,597,951
H3-pg,classic,1,58,0,0.332,597,951
H3-pg,classic,1,59,0,0.346,597,950
H3-pg,classic,1,60,0,0.368,597,951
H3-pg,classic,1,61,0,0.333,597,950
H3-pg,classic,1,62,0,0.339,597,950
H3-pg,classic,1,63,0,0.373,597,951
H3-pg,classic,1,64,0,0.341,597,950
H3-pg,classic,1,65,0,0.335,597,950
H3-pg,classic,1,66,0,0.382,597,950
H3-pg,classic,1,67,0,0.352,597,950
H3-pg,classic,1,68,0,0.332,597,950
H3-pg,classic,1,69,0,0.341,597,950
H3-pg,classic,1,70,0,0.374,597,949
H3-pg,classic,1,71,0,0.351,597,949
H3-pg,classic,1,72,0,0.345,597,950
H3-pg,classic,1,73,0,0.349,597,949
H3-pg,classic,1,74,0,0.363,597,950
H3-pg,classic,1,75,0,0.334,597,950
H3-pg,classic,1,76,0,0.345,597,949
H3-pg,classic,1,77,0,0.354,597,951
H3-pg,classic,1,78,0,0.339,597,951
H3-pg,classic,1,79,0,0.36,597,950
H3-pg,classic,1,80,0,0.362,597,950
H3-pg,classic,1,81,0,0.378,597,950
H3-pg,classic,1,82,0,0.347,597,950
H3-pg,classic,1,83,0,0.351,597,951
H3-pg,classic,1,84,0,0.378,597,950
H3-pg,classic,1,85,0,0.333,597,949
H3-pg,classic,1,86,0,0.329,597,950
H3-pg,classic,1,87,0,0.374,597,950
H3-pg,classic,1,88,0,0.35,597,951
H3-pg,classic,1,89,0,0.332,597,951
H3-pg,classic,1,90,0,0.347,597,951
H3-pg,classic,1,91,0,0.352,597,951
H3-pg,classic,1,92,0,0.362,597,950
H3-pg,classic,1,93,0,0.342,597,950
H3-pg,classic,1,94,0,0.356,597,950
H3-pg,classic,1,95,0,0.335,597,951
H3-pg,classic,1,96,0,0.35,597,951
H3-pg,classic,1,97,0,0.369,597,950
H3-pg,classic,1,98,0,0.364,597,949
H3-pg,classic,1,99,0,0.348,597,950
H3-pg,classic,1,100,0,0.484,597,950
H3-pg,classic,1,101,0,0.396,597,950
H3-pg,classic,1,102,0,0.336,597,950
H3-pg,classic,1,103,0,0.339,597,950
H3-pg,classic,1,104,0,0.367,597,949
H3-pg,classic,1,105,0,0.347,597,950
H3-pg,classic,1,106,0,0.343,597,950
H3-pg,classic,1,107,0,0.378,597,951
H3-pg,classic,1,108,0,0.362,597,949
H3-pg,classic,1,109,0,0.331,597,950
H4-redis,classic,1,0,1,0.309,597,961
H4-redis,classic,1,1,1,0.308,597,962
H4-redis,classic,1,2,1,0.325,597,962
H4-redis,classic,1,3,1,0.272,597,961
H4-redis,classic,1,4,1,0.287,597,962
H4-redis,classic,1,5,1,0.268,597,962
H4-redis,classic,1,6,1,0.259,597,962
H4-redis,classic,1,7,1,0.266,597,962
H4-redis,classic,1,8,1,0.271,597,961
H4-redis,classic,1,9,1,0.295,597,961
H4-redis,classic,1,10,0,0.259,597,962
H4-redis,classic,1,11,0,0.294,597,963
H4-redis,classic,1,12,0,0.281,597,961
H4-redis,classic,1,13,0,0.262,597,962
H4-redis,classic,1,14,0,0.296,597,961
H4-redis,classic,1,15,0,0.258,597,961
H4-redis,classic,1,16,0,0.27,597,963
H4-redis,classic,1,17,0,0.316,597,962
H4-redis,classic,1,18,0,0.278,597,962
H4-redis,classic,1,19,0,0.273,597,963
H4-redis,classic,1,20,0,0.293,597,963
H4-redis,classic,1,21,0,0.247,597,961
H4-redis,classic,1,22,0,0.262,597,962
H4-redis,classic,1,23,0,0.276,597,963
H4-redis,classic,1,24,0,0.278,597,962
H4-redis,classic,1,25,0,0.259,597,962
H4-redis,classic,1,26,0,0.31,597,961
H4-redis,classic,1,27,0,0.263,597,962
H4-redis,classic,1,28,0,0.252,597,963
H4-redis,classic,1,29,0,0.303,597,963
H4-redis,classic,1,30,0,0.284,597,962
H4-redis,classic,1,31,0,0.286,597,962
H4-redis,classic,1,32,0,0.289,597,962
H4-redis,classic,1,33,0,0.284,597,961
H4-redis,classic,1,34,0,0.301,597,962
H4-redis,classic,1,35,0,0.274,597,961
H4-redis,classic,1,36,0,0.262,597,961
H4-redis,classic,1,37,0,0.281,597,961
H4-redis,classic,1,38,0,0.264,597,963
H4-redis,classic,1,39,0,0.28,597,962
H4-redis,classic,1,40,0,0.258,597,961
H4-redis,classic,1,41,0,0.27,597,963
H4-redis,classic,1,42,0,0.282,597,962
H4-redis,classic,1,43,0,0.252,597,962
H4-redis,classic,1,44,0,0.278,597,962
H4-redis,classic,1,45,0,0.26,597,962
H4-redis,classic,1,46,0,0.261,597,961
H4-redis,classic,1,47,0,0.261,597,962
H4-redis,classic,1,48,0,0.265,597,963
H4-redis,classic,1,49,0,0.277,597,962
H4-redis,classic,1,50,0,0.252,597,963
H4-redis,classic,1,51,0,0.262,597,963
H4-redis,classic,1,52,0,0.288,597,962
H4-redis,classic,1,53,0,0.247,597,962
H4-redis,classic,1,54,0,0.279,597,962
H4-redis,classic,1,55,0,0.268,597,962
H4-redis,classic,1,56,0,0.619,597,962
H4-redis,classic,1,57,0,0.305,597,962
H4-redis,classic,1,58,0,0.269,597,963
H4-redis,classic,1,59,0,0.269,597,963
H4-redis,classic,1,60,0,0.257,597,962
H4-redis,classic,1,61,0,0.254,597,962
H4-redis,classic,1,62,0,0.316,597,963
H4-redis,classic,1,63,0,0.274,597,962
H4-redis,classic,1,64,0,0.27,597,962
H4-redis,classic,1,65,0,0.262,597,961
H4-redis,classic,1,66,0,0.255,597,963
H4-redis,classic,1,67,0,0.287,597,961
H4-redis,classic,1,68,0,0.257,597,962
H4-redis,classic,1,69,0,0.245,597,961
H4-redis,classic,1,70,0,0.278,597,962
H4-redis,classic,1,71,0,0.274,597,962
H4-redis,classic,1,72,0,0.279,597,963
H4-redis,classic,1,73,0,0.246,597,962
H4-redis,classic,1,74,0,0.264,597,962
H4-redis,classic,1,75,0,0.277,597,962
H4-redis,classic,1,76,0,0.267,597,963
H4-redis,classic,1,77,0,0.276,597,962
H4-redis,classic,1,78,0,0.274,597,962
H4-redis,classic,1,79,0,0.27,597,963
H4-redis,classic,1,80,0,0.273,597,962
H4-redis,classic,1,81,0,0.249,597,963
H4-redis,classic,1,82,0,0.288,597,962
H4-redis,classic,1,83,0,0.253,597,961
H4-redis,classic,1,84,0,0.269,597,963
H4-redis,classic,1,85,0,0.27,597,962
H4-redis,classic,1,86,0,0.266,597,961
H4-redis,classic,1,87,0,0.276,597,962
H4-redis,classic,1,88,0,0.249,597,962
H4-redis,classic,1,89,0,0.273,597,963
H4-redis,classic,1,90,0,0.277,597,962
H4-redis,classic,1,91,0,0.263,597,961
H4-redis,classic,1,92,0,0.264,597,962
H4-redis,classic,1,93,0,0.274,597,962
H4-redis,classic,1,94,0,0.257,597,962
H4-redis,classic,1,95,0,0.275,597,963
H4-redis,classic,1,96,0,0.262,597,963
H4-redis,classic,1,97,0,0.253,597,962
H4-redis,classic,1,98,0,0.286,597,962
H4-redis,classic,1,99,0,0.278,597,962
H4-redis,classic,1,100,0,0.275,597,962
H4-redis,classic,1,101,0,0.278,597,963
H4-redis,classic,1,102,0,0.272,597,962
H4-redis,classic,1,103,0,0.282,597,963
H4-redis,classic,1,104,0,0.271,597,962
H4-redis,classic,1,105,0,0.274,597,961
H4-redis,classic,1,106,0,0.257,597,962
H4-redis,classic,1,107,0,0.256,597,962
H4-redis,classic,1,108,0,0.249,597,961
H4-redis,classic,1,109,0,0.258,597,962
H1-edge,classic,2,0,1,0.487,597,945
H1-edge,classic,2,1,1,0.292,597,944
H1-edge,classic,2,2,1,0.281,597,944
H1-edge,classic,2,3,1,0.362,597,944
H1-edge,classic,2,4,1,0.352,597,944
H1-edge,classic,2,5,1,0.314,597,945
H1-edge,classic,2,6,1,0.295,597,943
H1-edge,classic,2,7,1,0.297,597,944
H1-edge,classic,2,8,1,0.309,597,945
H1-edge,classic,2,9,1,0.325,597,943
H1-edge,classic,2,10,0,0.302,597,944
H1-edge,classic,2,11,0,0.322,597,943
H1-edge,classic,2,12,0,0.279,597,945
H1-edge,classic,2,13,0,0.347,597,944
H1-edge,classic,2,14,0,0.291,597,945
H1-edge,classic,2,15,0,0.36,597,945
H1-edge,classic,2,16,0,0.354,597,944
H1-edge,classic,2,17,0,0.313,597,945
H1-edge,classic,2,18,0,0.288,597,944
H1-edge,classic,2,19,0,0.289,597,945
H1-edge,classic,2,20,0,0.273,597,943
H1-edge,classic,2,21,0,0.254,597,945
H1-edge,classic,2,22,0,0.297,597,944
H1-edge,classic,2,23,0,0.268,597,943
H1-edge,classic,2,24,0,0.266,597,944
H1-edge,classic,2,25,0,0.298,597,945
H1-edge,classic,2,26,0,0.282,597,945
H1-edge,classic,2,27,0,0.281,597,944
H1-edge,classic,2,28,0,0.259,597,945
H1-edge,classic,2,29,0,0.252,597,943
H1-edge,classic,2,30,0,0.32,597,943
H1-edge,classic,2,31,0,0.28,597,944
H1-edge,classic,2,32,0,0.304,597,943
H1-edge,classic,2,33,0,0.267,597,944
H1-edge,classic,2,34,0,0.271,597,945
H1-edge,classic,2,35,0,0.276,597,943
H1-edge,classic,2,36,0,0.262,597,944
H1-edge,classic,2,37,0,0.269,597,943
H1-edge,classic,2,38,0,0.407,597,943
H1-edge,classic,2,39,0,0.312,597,945
H1-edge,classic,2,40,0,0.297,597,944
H1-edge,classic,2,41,0,0.29,597,944
H1-edge,classic,2,42,0,0.291,597,945
H1-edge,classic,2,43,0,0.272,597,944
H1-edge,classic,2,44,0,0.284,597,945
H1-edge,classic,2,45,0,0.266,597,943
H1-edge,classic,2,46,0,0.288,597,945
H1-edge,classic,2,47,0,0.253,597,945
H1-edge,classic,2,48,0,0.247,597,945
H1-edge,classic,2,49,0,0.254,597,944
H1-edge,classic,2,50,0,0.282,597,944
H1-edge,classic,2,51,0,0.282,597,944
H1-edge,classic,2,52,0,0.275,597,944
H1-edge,classic,2,53,0,0.263,597,944
H1-edge,classic,2,54,0,0.284,597,945
H1-edge,classic,2,55,0,0.276,597,943
H1-edge,classic,2,56,0,0.292,597,944
H1-edge,classic,2,57,0,0.272,597,944
H1-edge,classic,2,58,0,0.319,597,944
H1-edge,classic,2,59,0,0.272,597,944
H1-edge,classic,2,60,0,0.273,597,944
H1-edge,classic,2,61,0,0.279,597,943
H1-edge,classic,2,62,0,0.296,597,945
H1-edge,classic,2,63,0,0.281,597,944
H1-edge,classic,2,64,0,0.311,597,943
H1-edge,classic,2,65,0,0.297,597,944
H1-edge,classic,2,66,0,0.263,597,945
H1-edge,classic,2,67,0,0.252,597,945
H1-edge,classic,2,68,0,0.272,597,944
H1-edge,classic,2,69,0,0.247,597,944
H1-edge,classic,2,70,0,0.277,597,943
H1-edge,classic,2,71,0,0.269,597,942
H1-edge,classic,2,72,0,0.253,597,945
H1-edge,classic,2,73,0,0.294,597,943
H1-edge,classic,2,74,0,0.283,597,945
H1-edge,classic,2,75,0,0.267,597,943
H1-edge,classic,2,76,0,0.275,597,945
H1-edge,classic,2,77,0,0.259,597,945
H1-edge,classic,2,78,0,0.281,597,945
H1-edge,classic,2,79,0,0.275,597,943
H1-edge,classic,2,80,0,0.265,597,944
H1-edge,classic,2,81,0,0.257,597,944
H1-edge,classic,2,82,0,0.248,597,944
H1-edge,classic,2,83,0,0.284,597,944
H1-edge,classic,2,84,0,0.29,597,944
H1-edge,classic,2,85,0,0.256,597,944
H1-edge,classic,2,86,0,0.339,597,945
H1-edge,classic,2,87,0,0.295,597,943
H1-edge,classic,2,88,0,0.31,597,945
H1-edge,classic,2,89,0,0.266,597,943
H1-edge,classic,2,90,0,0.307,597,943
H1-edge,classic,2,91,0,0.286,597,945
H1-edge,classic,2,92,0,0.274,597,944
H1-edge,classic,2,93,0,0.271,597,944
H1-edge,classic,2,94,0,0.278,597,945
H1-edge,classic,2,95,0,0.271,597,944
H1-edge,classic,2,96,0,0.264,597,945
H1-edge,classic,2,97,0,0.275,597,944
H1-edge,classic,2,98,0,0.287,597,945
H1-edge,classic,2,99,0,0.262,597,945
H1-edge,classic,2,100,0,0.275,597,944
H1-edge,classic,2,101,0,0.272,597,944
H1-edge,classic,2,102,0,0.261,597,945
H1-edge,classic,2,103,0,0.258,597,945
H1-edge,classic,2,104,0,0.269,597,944
H1-edge,classic,2,105,0,0.283,597,945
H1-edge,classic,2,106,0,0.269,597,944
H1-edge,classic,2,107,0,0.246,597,944
H1-edge,classic,2,108,0,0.259,597,943
H1-edge,classic,2,109,0,0.251,597,944
H2a-py,classic,2,0,1,0.455,597,941
H2a-py,classic,2,1,1,0.297,597,941
H2a-py,classic,2,2,1,0.302,597,940
H2a-py,classic,2,3,1,0.337,597,940
H2a-py,classic,2,4,1,0.279,597,940
H2a-py,classic,2,5,1,0.363,597,941
H2a-py,classic,2,6,1,0.315,597,939
H2a-py,classic,2,7,1,0.379,597,940
H2a-py,classic,2,8,1,0.301,597,940
H2a-py,classic,2,9,1,0.296,597,941
H2a-py,classic,2,10,0,0.278,597,941
H2a-py,classic,2,11,0,0.299,597,940
H2a-py,classic,2,12,0,0.321,597,939
H2a-py,classic,2,13,0,0.282,597,941
H2a-py,classic,2,14,0,0.269,597,941
H2a-py,classic,2,15,0,0.268,597,940
H2a-py,classic,2,16,0,0.276,597,940
H2a-py,classic,2,17,0,0.269,597,940
H2a-py,classic,2,18,0,0.267,597,939
H2a-py,classic,2,19,0,0.264,597,941
H2a-py,classic,2,20,0,0.26,597,940
H2a-py,classic,2,21,0,0.314,597,941
H2a-py,classic,2,22,0,0.287,597,939
H2a-py,classic,2,23,0,0.275,597,940
H2a-py,classic,2,24,0,0.276,597,941
H2a-py,classic,2,25,0,0.271,597,941
H2a-py,classic,2,26,0,0.291,597,940
H2a-py,classic,2,27,0,0.373,597,939
H2a-py,classic,2,28,0,0.313,597,939
H2a-py,classic,2,29,0,0.271,597,939
H2a-py,classic,2,30,0,0.266,597,940
H2a-py,classic,2,31,0,0.327,597,941
H2a-py,classic,2,32,0,0.281,597,939
H2a-py,classic,2,33,0,0.287,597,941
H2a-py,classic,2,34,0,0.293,597,941
H2a-py,classic,2,35,0,0.311,597,940
H2a-py,classic,2,36,0,0.273,597,941
H2a-py,classic,2,37,0,0.269,597,940
H2a-py,classic,2,38,0,0.261,597,940
H2a-py,classic,2,39,0,0.27,597,940
H2a-py,classic,2,40,0,0.278,597,940
H2a-py,classic,2,41,0,0.269,597,940
H2a-py,classic,2,42,0,0.26,597,940
H2a-py,classic,2,43,0,0.284,597,941
H2a-py,classic,2,44,0,0.256,597,940
H2a-py,classic,2,45,0,0.26,597,940
H2a-py,classic,2,46,0,0.261,597,940
H2a-py,classic,2,47,0,0.262,597,941
H2a-py,classic,2,48,0,0.272,597,941
H2a-py,classic,2,49,0,0.26,597,940
H2a-py,classic,2,50,0,0.254,597,939
H2a-py,classic,2,51,0,0.348,597,940
H2a-py,classic,2,52,0,0.3,597,940
H2a-py,classic,2,53,0,0.315,597,940
H2a-py,classic,2,54,0,0.318,597,940
H2a-py,classic,2,55,0,0.283,597,939
H2a-py,classic,2,56,0,0.288,597,941
H2a-py,classic,2,57,0,0.262,597,939
H2a-py,classic,2,58,0,0.268,597,940
H2a-py,classic,2,59,0,0.281,597,939
H2a-py,classic,2,60,0,0.316,597,940
H2a-py,classic,2,61,0,0.287,597,940
H2a-py,classic,2,62,0,0.259,597,941
H2a-py,classic,2,63,0,0.34,597,941
H2a-py,classic,2,64,0,0.279,597,940
H2a-py,classic,2,65,0,0.31,597,940
H2a-py,classic,2,66,0,0.258,597,941
H2a-py,classic,2,67,0,0.293,597,940
H2a-py,classic,2,68,0,0.248,597,940
H2a-py,classic,2,69,0,0.257,597,939
H2a-py,classic,2,70,0,0.313,597,940
H2a-py,classic,2,71,0,0.285,597,941
H2a-py,classic,2,72,0,0.278,597,941
H2a-py,classic,2,73,0,0.26,597,941
H2a-py,classic,2,74,0,0.259,597,940
H2a-py,classic,2,75,0,0.278,597,940
H2a-py,classic,2,76,0,0.255,597,940
H2a-py,classic,2,77,0,0.258,597,939
H2a-py,classic,2,78,0,0.257,597,940
H2a-py,classic,2,79,0,0.255,597,940
H2a-py,classic,2,80,0,0.268,597,940
H2a-py,classic,2,81,0,0.298,597,940
H2a-py,classic,2,82,0,0.263,597,939
H2a-py,classic,2,83,0,0.281,597,940
H2a-py,classic,2,84,0,0.257,597,941
H2a-py,classic,2,85,0,0.261,597,941
H2a-py,classic,2,86,0,0.259,597,939
H2a-py,classic,2,87,0,0.255,597,941
H2a-py,classic,2,88,0,0.285,597,939
H2a-py,classic,2,89,0,0.269,597,939
H2a-py,classic,2,90,0,0.286,597,940
H2a-py,classic,2,91,0,0.308,597,940
H2a-py,classic,2,92,0,0.284,597,939
H2a-py,classic,2,93,0,0.289,597,939
H2a-py,classic,2,94,0,0.271,597,941
H2a-py,classic,2,95,0,0.284,597,941
H2a-py,classic,2,96,0,0.274,597,940
H2a-py,classic,2,97,0,0.268,597,940
H2a-py,classic,2,98,0,0.275,597,940
H2a-py,classic,2,99,0,0.262,597,941
H2a-py,classic,2,100,0,0.272,597,941
H2a-py,classic,2,101,0,0.278,597,939
H2a-py,classic,2,102,0,0.276,597,941
H2a-py,classic,2,103,0,0.285,597,940
H2a-py,classic,2,104,0,0.261,597,941
H2a-py,classic,2,105,0,0.261,597,940
H2a-py,classic,2,106,0,0.268,597,940
H2a-py,classic,2,107,0,0.285,597,939
H2a-py,classic,2,108,0,0.277,597,939
H2a-py,classic,2,109,0,0.259,597,940
H2b-node,classic,2,0,1,0.537,597,941
H2b-node,classic,2,1,1,0.328,597,939
H2b-node,classic,2,2,1,0.323,597,939
H2b-node,classic,2,3,1,0.327,597,940
H2b-node,classic,2,4,1,0.272,597,941
H2b-node,classic,2,5,1,0.298,597,940
H2b-node,classic,2,6,1,0.277,597,940
H2b-node,classic,2,7,1,0.312,597,940
H2b-node,classic,2,8,1,0.291,597,941
H2b-node,classic,2,9,1,0.323,597,939
H2b-node,classic,2,10,0,0.256,597,940
H2b-node,classic,2,11,0,0.244,597,939
H2b-node,classic,2,12,0,0.258,597,940
H2b-node,classic,2,13,0,0.334,597,939
H2b-node,classic,2,14,0,0.323,597,941
H2b-node,classic,2,15,0,0.368,597,941
H2b-node,classic,2,16,0,0.286,597,939
H2b-node,classic,2,17,0,0.285,597,940
H2b-node,classic,2,18,0,0.296,597,940
H2b-node,classic,2,19,0,0.294,597,939
H2b-node,classic,2,20,0,0.309,597,940
H2b-node,classic,2,21,0,0.277,597,940
H2b-node,classic,2,22,0,0.301,597,940
H2b-node,classic,2,23,0,0.283,597,941
H2b-node,classic,2,24,0,0.281,597,940
H2b-node,classic,2,25,0,0.286,597,940
H2b-node,classic,2,26,0,0.465,597,939
H2b-node,classic,2,27,0,0.279,597,940
H2b-node,classic,2,28,0,0.28,597,939
H2b-node,classic,2,29,0,0.252,597,939
H2b-node,classic,2,30,0,0.276,597,940
H2b-node,classic,2,31,0,0.247,597,940
H2b-node,classic,2,32,0,0.261,597,939
H2b-node,classic,2,33,0,0.28,597,941
H2b-node,classic,2,34,0,0.254,597,940
H2b-node,classic,2,35,0,0.288,597,939
H2b-node,classic,2,36,0,0.277,597,940
H2b-node,classic,2,37,0,0.275,597,939
H2b-node,classic,2,38,0,0.268,597,941
H2b-node,classic,2,39,0,0.25,597,939
H2b-node,classic,2,40,0,0.29,597,941
H2b-node,classic,2,41,0,0.261,597,941
H2b-node,classic,2,42,0,0.281,597,939
H2b-node,classic,2,43,0,0.274,597,941
H2b-node,classic,2,44,0,0.267,597,940
H2b-node,classic,2,45,0,0.285,597,940
H2b-node,classic,2,46,0,0.272,597,939
H2b-node,classic,2,47,0,0.28,597,940
H2b-node,classic,2,48,0,0.26,597,940
H2b-node,classic,2,49,0,0.248,597,941
H2b-node,classic,2,50,0,0.292,597,939
H2b-node,classic,2,51,0,0.258,597,939
H2b-node,classic,2,52,0,0.259,597,941
H2b-node,classic,2,53,0,0.272,597,940
H2b-node,classic,2,54,0,0.255,597,941
H2b-node,classic,2,55,0,0.283,597,939
H2b-node,classic,2,56,0,0.245,597,941
H2b-node,classic,2,57,0,0.256,597,940
H2b-node,classic,2,58,0,0.272,597,941
H2b-node,classic,2,59,0,0.247,597,941
H2b-node,classic,2,60,0,0.497,597,939
H2b-node,classic,2,61,0,0.274,597,939
H2b-node,classic,2,62,0,0.315,597,941
H2b-node,classic,2,63,0,0.261,597,941
H2b-node,classic,2,64,0,0.26,597,941
H2b-node,classic,2,65,0,0.302,597,939
H2b-node,classic,2,66,0,0.264,597,940
H2b-node,classic,2,67,0,0.271,597,941
H2b-node,classic,2,68,0,0.25,597,939
H2b-node,classic,2,69,0,0.28,597,940
H2b-node,classic,2,70,0,0.264,597,941
H2b-node,classic,2,71,0,0.25,597,940
H2b-node,classic,2,72,0,0.271,597,940
H2b-node,classic,2,73,0,0.268,597,940
H2b-node,classic,2,74,0,0.254,597,939
H2b-node,classic,2,75,0,0.258,597,940
H2b-node,classic,2,76,0,0.251,597,941
H2b-node,classic,2,77,0,0.249,597,939
H2b-node,classic,2,78,0,0.252,597,940
H2b-node,classic,2,79,0,0.258,597,940
H2b-node,classic,2,80,0,0.275,597,940
H2b-node,classic,2,81,0,0.266,597,940
H2b-node,classic,2,82,0,0.262,597,940
H2b-node,classic,2,83,0,0.276,597,941
H2b-node,classic,2,84,0,0.263,597,939
H2b-node,classic,2,85,0,0.267,597,940
H2b-node,classic,2,86,0,0.265,597,940
H2b-node,classic,2,87,0,0.25,597,940
H2b-node,classic,2,88,0,0.259,597,939
H2b-node,classic,2,89,0,0.249,597,939
H2b-node,classic,2,90,0,0.266,597,939
H2b-node,classic,2,91,0,0.257,597,941
H2b-node,classic,2,92,0,0.252,597,941
H2b-node,classic,2,93,0,0.274,597,940
H2b-node,classic,2,94,0,0.241,597,939
H2b-node,classic,2,95,0,0.25,597,941
H2b-node,classic,2,96,0,0.26,597,941
H2b-node,classic,2,97,0,0.246,597,940
H2b-node,classic,2,98,0,0.268,597,939
H2b-node,classic,2,99,0,0.278,597,941
H2b-node,classic,2,100,0,0.269,597,940
H2b-node,classic,2,101,0,0.27,597,939
H2b-node,classic,2,102,0,0.273,597,939
H2b-node,classic,2,103,0,0.287,597,940
H2b-node,classic,2,104,0,0.247,597,939
H2b-node,classic,2,105,0,0.295,597,941
H2b-node,classic,2,106,0,0.282,597,940
H2b-node,classic,2,107,0,0.271,597,939
H2b-node,classic,2,108,0,0.28,597,940
H2b-node,classic,2,109,0,0.289,597,941
H3-pg,classic,2,0,1,0.426,597,949
H3-pg,classic,2,1,1,0.383,597,950
H3-pg,classic,2,2,1,0.385,597,951
H3-pg,classic,2,3,1,0.405,597,949
H3-pg,classic,2,4,1,0.366,597,949
H3-pg,classic,2,5,1,0.352,597,950
H3-pg,classic,2,6,1,0.382,597,950
H3-pg,classic,2,7,1,0.346,597,949
H3-pg,classic,2,8,1,0.363,597,950
H3-pg,classic,2,9,1,0.346,597,950
H3-pg,classic,2,10,0,0.326,597,950
H3-pg,classic,2,11,0,0.347,597,949
H3-pg,classic,2,12,0,0.36,597,949
H3-pg,classic,2,13,0,0.383,597,950
H3-pg,classic,2,14,0,0.356,597,950
H3-pg,classic,2,15,0,0.349,597,949
H3-pg,classic,2,16,0,0.355,597,950
H3-pg,classic,2,17,0,0.329,597,951
H3-pg,classic,2,18,0,0.341,597,950
H3-pg,classic,2,19,0,0.352,597,950
H3-pg,classic,2,20,0,0.361,597,950
H3-pg,classic,2,21,0,0.355,597,950
H3-pg,classic,2,22,0,0.356,597,950
H3-pg,classic,2,23,0,0.38,597,951
H3-pg,classic,2,24,0,0.379,597,951
H3-pg,classic,2,25,0,0.347,597,951
H3-pg,classic,2,26,0,0.345,597,951
H3-pg,classic,2,27,0,0.37,597,951
H3-pg,classic,2,28,0,0.342,597,951
H3-pg,classic,2,29,0,0.342,597,950
H3-pg,classic,2,30,0,0.377,597,951
H3-pg,classic,2,31,0,0.333,597,949
H3-pg,classic,2,32,0,0.367,597,950
H3-pg,classic,2,33,0,0.357,597,951
H3-pg,classic,2,34,0,0.383,597,949
H3-pg,classic,2,35,0,0.332,597,951
H3-pg,classic,2,36,0,0.34,597,950
H3-pg,classic,2,37,0,0.373,597,950
H3-pg,classic,2,38,0,0.34,597,950
H3-pg,classic,2,39,0,0.343,597,950
H3-pg,classic,2,40,0,0.328,597,950
H3-pg,classic,2,41,0,0.405,597,949
H3-pg,classic,2,42,0,0.337,597,949
H3-pg,classic,2,43,0,0.335,597,951
H3-pg,classic,2,44,0,0.374,597,950
H3-pg,classic,2,45,0,0.342,597,949
H3-pg,classic,2,46,0,0.334,597,949
H3-pg,classic,2,47,0,0.353,597,951
H3-pg,classic,2,48,0,0.348,597,950
H3-pg,classic,2,49,0,0.349,597,951
H3-pg,classic,2,50,0,0.334,597,949
H3-pg,classic,2,51,0,0.368,597,949
H3-pg,classic,2,52,0,0.364,597,950
H3-pg,classic,2,53,0,0.372,597,951
H3-pg,classic,2,54,0,0.358,597,951
H3-pg,classic,2,55,0,0.363,597,949
H3-pg,classic,2,56,0,0.351,597,949
H3-pg,classic,2,57,0,0.347,597,950
H3-pg,classic,2,58,0,0.375,597,951
H3-pg,classic,2,59,0,0.341,597,950
H3-pg,classic,2,60,0,0.338,597,950
H3-pg,classic,2,61,0,0.356,597,950
H3-pg,classic,2,62,0,0.347,597,949
H3-pg,classic,2,63,0,0.342,597,950
H3-pg,classic,2,64,0,0.346,597,950
H3-pg,classic,2,65,0,0.338,597,950
H3-pg,classic,2,66,0,0.325,597,950
H3-pg,classic,2,67,0,0.356,597,950
H3-pg,classic,2,68,0,0.344,597,951
H3-pg,classic,2,69,0,0.343,597,949
H3-pg,classic,2,70,0,0.336,597,949
H3-pg,classic,2,71,0,0.356,597,951
H3-pg,classic,2,72,0,0.347,597,951
H3-pg,classic,2,73,0,0.347,597,949
H3-pg,classic,2,74,0,0.37,597,950
H3-pg,classic,2,75,0,0.354,597,951
H3-pg,classic,2,76,0,0.333,597,950
H3-pg,classic,2,77,0,0.344,597,949
H3-pg,classic,2,78,0,0.348,597,950
H3-pg,classic,2,79,0,0.345,597,950
H3-pg,classic,2,80,0,0.357,597,949
H3-pg,classic,2,81,0,0.357,597,950
H3-pg,classic,2,82,0,0.347,597,950
H3-pg,classic,2,83,0,0.342,597,951
H3-pg,classic,2,84,0,0.357,597,951
H3-pg,classic,2,85,0,0.324,597,949
H3-pg,classic,2,86,0,0.356,597,950
H3-pg,classic,2,87,0,0.358,597,950
H3-pg,classic,2,88,0,0.344,597,950
H3-pg,classic,2,89,0,0.34,597,950
H3-pg,classic,2,90,0,0.362,597,951
H3-pg,classic,2,91,0,0.353,597,951
H3-pg,classic,2,92,0,0.331,597,949
H3-pg,classic,2,93,0,0.339,597,950
H3-pg,classic,2,94,0,0.351,597,951
H3-pg,classic,2,95,0,0.335,597,950
H3-pg,classic,2,96,0,0.326,597,950
H3-pg,classic,2,97,0,0.347,597,951
H3-pg,classic,2,98,0,0.347,597,950
H3-pg,classic,2,99,0,0.328,597,949
H3-pg,classic,2,100,0,0.36,597,950
H3-pg,classic,2,101,0,0.335,597,951
H3-pg,classic,2,102,0,0.344,597,951
H3-pg,classic,2,103,0,0.353,597,949
H3-pg,classic,2,104,0,0.366,597,950
H3-pg,classic,2,105,0,0.351,597,950
H3-pg,classic,2,106,0,0.368,597,950
H3-pg,classic,2,107,0,0.374,597,950
H3-pg,classic,2,108,0,0.344,597,950
H3-pg,classic,2,109,0,0.333,597,950
H4-redis,classic,2,0,1,0.324,597,962
H4-redis,classic,2,1,1,0.269,597,962
H4-redis,classic,2,2,1,0.268,597,962
H4-redis,classic,2,3,1,0.325,597,962
H4-redis,classic,2,4,1,0.293,597,962
H4-redis,classic,2,5,1,0.332,597,962
H4-redis,classic,2,6,1,0.28,597,963
H4-redis,classic,2,7,1,0.317,597,962
H4-redis,classic,2,8,1,0.267,597,962
H4-redis,classic,2,9,1,0.27,597,963
H4-redis,classic,2,10,0,0.302,597,962
H4-redis,classic,2,11,0,0.328,597,963
H4-redis,classic,2,12,0,0.311,597,961
H4-redis,classic,2,13,0,0.304,597,961
H4-redis,classic,2,14,0,0.324,597,961
H4-redis,classic,2,15,0,0.282,597,961
H4-redis,classic,2,16,0,0.258,597,962
H4-redis,classic,2,17,0,0.287,597,962
H4-redis,classic,2,18,0,0.26,597,963
H4-redis,classic,2,19,0,0.311,597,962
H4-redis,classic,2,20,0,0.265,597,963
H4-redis,classic,2,21,0,0.258,597,961
H4-redis,classic,2,22,0,0.264,597,963
H4-redis,classic,2,23,0,0.273,597,962
H4-redis,classic,2,24,0,0.303,597,963
H4-redis,classic,2,25,0,0.296,597,962
H4-redis,classic,2,26,0,0.293,597,962
H4-redis,classic,2,27,0,0.282,597,963
H4-redis,classic,2,28,0,0.298,597,963
H4-redis,classic,2,29,0,0.302,597,962
H4-redis,classic,2,30,0,0.274,597,961
H4-redis,classic,2,31,0,0.276,597,963
H4-redis,classic,2,32,0,0.287,597,963
H4-redis,classic,2,33,0,0.267,597,962
H4-redis,classic,2,34,0,0.292,597,962
H4-redis,classic,2,35,0,0.269,597,963
H4-redis,classic,2,36,0,0.3,597,962
H4-redis,classic,2,37,0,0.259,597,962
H4-redis,classic,2,38,0,0.265,597,961
H4-redis,classic,2,39,0,0.26,597,962
H4-redis,classic,2,40,0,0.264,597,961
H4-redis,classic,2,41,0,0.262,597,962
H4-redis,classic,2,42,0,0.273,597,962
H4-redis,classic,2,43,0,0.284,597,963
H4-redis,classic,2,44,0,0.287,597,961
H4-redis,classic,2,45,0,0.256,597,961
H4-redis,classic,2,46,0,0.277,597,962
H4-redis,classic,2,47,0,0.275,597,961
H4-redis,classic,2,48,0,0.253,597,961
H4-redis,classic,2,49,0,0.269,597,962
H4-redis,classic,2,50,0,0.255,597,961
H4-redis,classic,2,51,0,0.266,597,962
H4-redis,classic,2,52,0,0.272,597,961
H4-redis,classic,2,53,0,0.268,597,962
H4-redis,classic,2,54,0,0.271,597,961
H4-redis,classic,2,55,0,0.254,597,962
H4-redis,classic,2,56,0,0.26,597,963
H4-redis,classic,2,57,0,0.284,597,962
H4-redis,classic,2,58,0,0.262,597,962
H4-redis,classic,2,59,0,0.251,597,963
H4-redis,classic,2,60,0,0.256,597,963
H4-redis,classic,2,61,0,0.249,597,962
H4-redis,classic,2,62,0,0.286,597,962
H4-redis,classic,2,63,0,0.265,597,961
H4-redis,classic,2,64,0,0.256,597,962
H4-redis,classic,2,65,0,0.262,597,961
H4-redis,classic,2,66,0,0.262,597,963
H4-redis,classic,2,67,0,0.286,597,962
H4-redis,classic,2,68,0,0.278,597,961
H4-redis,classic,2,69,0,0.267,597,962
H4-redis,classic,2,70,0,0.29,597,962
H4-redis,classic,2,71,0,0.269,597,962
H4-redis,classic,2,72,0,0.282,597,961
H4-redis,classic,2,73,0,0.26,597,963
H4-redis,classic,2,74,0,0.259,597,963
H4-redis,classic,2,75,0,0.306,597,963
H4-redis,classic,2,76,0,0.264,597,962
H4-redis,classic,2,77,0,0.279,597,962
H4-redis,classic,2,78,0,0.257,597,961
H4-redis,classic,2,79,0,0.256,597,962
H4-redis,classic,2,80,0,0.27,597,962
H4-redis,classic,2,81,0,0.27,597,963
H4-redis,classic,2,82,0,0.261,597,962
H4-redis,classic,2,83,0,0.251,597,963
H4-redis,classic,2,84,0,0.257,597,963
H4-redis,classic,2,85,0,0.275,597,963
H4-redis,classic,2,86,0,0.267,597,963
H4-redis,classic,2,87,0,0.257,597,962
H4-redis,classic,2,88,0,0.263,597,962
H4-redis,classic,2,89,0,0.288,597,962
H4-redis,classic,2,90,0,0.301,597,962
H4-redis,classic,2,91,0,0.26,597,963
H4-redis,classic,2,92,0,0.269,597,962
H4-redis,classic,2,93,0,0.3,597,962
H4-redis,classic,2,94,0,0.271,597,963
H4-redis,classic,2,95,0,0.304,597,963
H4-redis,classic,2,96,0,0.254,597,961
H4-redis,classic,2,97,0,0.27,597,961
H4-redis,classic,2,98,0,0.267,597,962
H4-redis,classic,2,99,0,0.28,597,963
H4-redis,classic,2,100,0,0.274,597,961
H4-redis,classic,2,101,0,0.263,597,962
H4-redis,classic,2,102,0,0.268,597,962
H4-redis,classic,2,103,0,0.268,597,961
H4-redis,classic,2,104,0,0.253,597,962
H4-redis,classic,2,105,0,0.271,597,962
H4-redis,classic,2,106,0,0.262,597,962
H4-redis,classic,2,107,0,0.252,597,962
H4-redis,classic,2,108,0,0.262,597,962
H4-redis,classic,2,109,0,0.247,597,961
H1-edge,classic,3,0,1,0.463,597,945
H1-edge,classic,3,1,1,0.296,597,943
H1-edge,classic,3,2,1,0.35,597,944
H1-edge,classic,3,3,1,0.283,597,944
H1-edge,classic,3,4,1,0.274,597,944
H1-edge,classic,3,5,1,0.268,597,943
H1-edge,classic,3,6,1,0.285,597,945
H1-edge,classic,3,7,1,0.251,597,944
H1-edge,classic,3,8,1,0.344,597,943
H1-edge,classic,3,9,1,0.286,597,944
H1-edge,classic,3,10,0,0.257,597,945
H1-edge,classic,3,11,0,0.267,597,944
H1-edge,classic,3,12,0,0.267,597,944
H1-edge,classic,3,13,0,0.281,597,943
H1-edge,classic,3,14,0,0.282,597,944
H1-edge,classic,3,15,0,0.259,597,944
H1-edge,classic,3,16,0,0.284,597,945
H1-edge,classic,3,17,0,0.268,597,944
H1-edge,classic,3,18,0,0.323,597,943
H1-edge,classic,3,19,0,0.277,597,944
H1-edge,classic,3,20,0,0.266,597,943
H1-edge,classic,3,21,0,0.263,597,943
H1-edge,classic,3,22,0,0.273,597,944
H1-edge,classic,3,23,0,0.275,597,943
H1-edge,classic,3,24,0,0.338,597,943
H1-edge,classic,3,25,0,0.392,597,943
H1-edge,classic,3,26,0,0.304,597,945
H1-edge,classic,3,27,0,0.353,597,944
H1-edge,classic,3,28,0,0.317,597,943
H1-edge,classic,3,29,0,0.325,597,943
H1-edge,classic,3,30,0,0.273,597,944
H1-edge,classic,3,31,0,0.253,597,944
H1-edge,classic,3,32,0,0.281,597,943
H1-edge,classic,3,33,0,0.28,597,944
H1-edge,classic,3,34,0,0.287,597,944
H1-edge,classic,3,35,0,0.254,597,944
H1-edge,classic,3,36,0,0.282,597,945
H1-edge,classic,3,37,0,0.288,597,943
H1-edge,classic,3,38,0,0.258,597,943
H1-edge,classic,3,39,0,0.288,597,943
H1-edge,classic,3,40,0,0.258,597,943
H1-edge,classic,3,41,0,0.279,597,944
H1-edge,classic,3,42,0,0.271,597,943
H1-edge,classic,3,43,0,0.274,597,945
H1-edge,classic,3,44,0,0.306,597,944
H1-edge,classic,3,45,0,0.245,597,944
H1-edge,classic,3,46,0,0.309,597,943
H1-edge,classic,3,47,0,0.265,597,944
H1-edge,classic,3,48,0,0.295,597,945
H1-edge,classic,3,49,0,0.272,597,943
H1-edge,classic,3,50,0,0.26,597,944
H1-edge,classic,3,51,0,0.275,597,945
H1-edge,classic,3,52,0,0.261,597,943
H1-edge,classic,3,53,0,0.242,597,943
H1-edge,classic,3,54,0,0.296,597,944
H1-edge,classic,3,55,0,0.265,597,945
H1-edge,classic,3,56,0,0.282,597,943
H1-edge,classic,3,57,0,0.29,597,944
H1-edge,classic,3,58,0,0.278,597,945
H1-edge,classic,3,59,0,0.273,597,943
H1-edge,classic,3,60,0,0.287,597,943
H1-edge,classic,3,61,0,0.305,597,945
H1-edge,classic,3,62,0,0.265,597,944
H1-edge,classic,3,63,0,0.292,597,945
H1-edge,classic,3,64,0,0.263,597,944
H1-edge,classic,3,65,0,0.269,597,944
H1-edge,classic,3,66,0,0.286,597,944
H1-edge,classic,3,67,0,0.272,597,943
H1-edge,classic,3,68,0,0.282,597,944
H1-edge,classic,3,69,0,0.262,597,945
H1-edge,classic,3,70,0,0.262,597,944
H1-edge,classic,3,71,0,0.285,597,944
H1-edge,classic,3,72,0,0.26,597,943
H1-edge,classic,3,73,0,0.276,597,944
H1-edge,classic,3,74,0,0.259,597,945
H1-edge,classic,3,75,0,0.247,597,944
H1-edge,classic,3,76,0,0.282,597,944
H1-edge,classic,3,77,0,0.271,597,943
H1-edge,classic,3,78,0,0.257,597,943
H1-edge,classic,3,79,0,0.268,597,944
H1-edge,classic,3,80,0,0.249,597,943
H1-edge,classic,3,81,0,0.266,597,945
H1-edge,classic,3,82,0,0.265,597,944
H1-edge,classic,3,83,0,0.282,597,944
H1-edge,classic,3,84,0,0.271,597,944
H1-edge,classic,3,85,0,0.255,597,945
H1-edge,classic,3,86,0,0.257,597,944
H1-edge,classic,3,87,0,0.274,597,945
H1-edge,classic,3,88,0,0.25,597,944
H1-edge,classic,3,89,0,0.278,597,944
H1-edge,classic,3,90,0,0.243,597,944
H1-edge,classic,3,91,0,0.242,597,945
H1-edge,classic,3,92,0,0.288,597,943
H1-edge,classic,3,93,0,0.257,597,944
H1-edge,classic,3,94,0,0.273,597,944
H1-edge,classic,3,95,0,0.266,597,943
H1-edge,classic,3,96,0,0.258,597,944
H1-edge,classic,3,97,0,0.262,597,945
H1-edge,classic,3,98,0,0.258,597,943
H1-edge,classic,3,99,0,0.27,597,943
H1-edge,classic,3,100,0,0.251,597,944
H1-edge,classic,3,101,0,0.256,597,944
H1-edge,classic,3,102,0,0.265,597,944
H1-edge,classic,3,103,0,0.255,597,945
H1-edge,classic,3,104,0,0.264,597,944
H1-edge,classic,3,105,0,0.265,597,945
H1-edge,classic,3,106,0,0.258,597,945
H1-edge,classic,3,107,0,0.281,597,943
H1-edge,classic,3,108,0,0.268,597,945
H1-edge,classic,3,109,0,0.278,597,943
H2a-py,classic,3,0,1,0.431,597,941
H2a-py,classic,3,1,1,0.311,597,940
H2a-py,classic,3,2,1,0.333,597,940
H2a-py,classic,3,3,1,0.294,597,941
H2a-py,classic,3,4,1,0.27,597,940
H2a-py,classic,3,5,1,0.26,597,941
H2a-py,classic,3,6,1,0.284,597,940
H2a-py,classic,3,7,1,0.325,597,941
H2a-py,classic,3,8,1,0.301,597,940
H2a-py,classic,3,9,1,0.305,597,939
H2a-py,classic,3,10,0,0.259,597,941
H2a-py,classic,3,11,0,0.363,597,941
H2a-py,classic,3,12,0,0.282,597,940
H2a-py,classic,3,13,0,0.295,597,940
H2a-py,classic,3,14,0,0.262,597,940
H2a-py,classic,3,15,0,0.266,597,939
H2a-py,classic,3,16,0,0.312,597,941
H2a-py,classic,3,17,0,0.28,597,940
H2a-py,classic,3,18,0,0.291,597,940
H2a-py,classic,3,19,0,0.264,597,939
H2a-py,classic,3,20,0,0.28,597,941
H2a-py,classic,3,21,0,0.314,597,940
H2a-py,classic,3,22,0,0.278,597,939
H2a-py,classic,3,23,0,0.289,597,940
H2a-py,classic,3,24,0,0.262,597,940
H2a-py,classic,3,25,0,0.288,597,939
H2a-py,classic,3,26,0,0.258,597,940
H2a-py,classic,3,27,0,0.255,597,939
H2a-py,classic,3,28,0,0.326,597,940
H2a-py,classic,3,29,0,0.307,597,941
H2a-py,classic,3,30,0,0.284,597,939
H2a-py,classic,3,31,0,0.357,597,941
H2a-py,classic,3,32,0,0.278,597,940
H2a-py,classic,3,33,0,0.271,597,940
H2a-py,classic,3,34,0,0.272,597,940
H2a-py,classic,3,35,0,0.276,597,941
H2a-py,classic,3,36,0,0.255,597,940
H2a-py,classic,3,37,0,0.272,597,940
H2a-py,classic,3,38,0,0.288,597,940
H2a-py,classic,3,39,0,0.291,597,939
H2a-py,classic,3,40,0,0.292,597,940
H2a-py,classic,3,41,0,0.27,597,939
H2a-py,classic,3,42,0,0.287,597,941
H2a-py,classic,3,43,0,0.28,597,939
H2a-py,classic,3,44,0,0.258,597,940
H2a-py,classic,3,45,0,0.268,597,939
H2a-py,classic,3,46,0,0.253,597,940
H2a-py,classic,3,47,0,0.254,597,941
H2a-py,classic,3,48,0,0.255,597,940
H2a-py,classic,3,49,0,0.252,597,940
H2a-py,classic,3,50,0,0.281,597,939
H2a-py,classic,3,51,0,0.28,597,939
H2a-py,classic,3,52,0,0.261,597,941
H2a-py,classic,3,53,0,0.262,597,939
H2a-py,classic,3,54,0,0.31,597,939
H2a-py,classic,3,55,0,0.292,597,940
H2a-py,classic,3,56,0,0.26,597,940
H2a-py,classic,3,57,0,0.267,597,940
H2a-py,classic,3,58,0,0.27,597,941
H2a-py,classic,3,59,0,0.256,597,940
H2a-py,classic,3,60,0,0.274,597,941
H2a-py,classic,3,61,0,0.277,597,939
H2a-py,classic,3,62,0,0.253,597,939
H2a-py,classic,3,63,0,0.273,597,940
H2a-py,classic,3,64,0,0.269,597,941
H2a-py,classic,3,65,0,0.279,597,940
H2a-py,classic,3,66,0,0.254,597,940
H2a-py,classic,3,67,0,0.252,597,941
H2a-py,classic,3,68,0,0.321,597,940
H2a-py,classic,3,69,0,0.26,597,941
H2a-py,classic,3,70,0,0.286,597,941
H2a-py,classic,3,71,0,0.262,597,940
H2a-py,classic,3,72,0,0.272,597,940
H2a-py,classic,3,73,0,0.27,597,939
H2a-py,classic,3,74,0,0.256,597,940
H2a-py,classic,3,75,0,0.288,597,939
H2a-py,classic,3,76,0,0.278,597,939
H2a-py,classic,3,77,0,0.266,597,941
H2a-py,classic,3,78,0,0.303,597,940
H2a-py,classic,3,79,0,0.294,597,940
H2a-py,classic,3,80,0,0.3,597,939
H2a-py,classic,3,81,0,0.28,597,940
H2a-py,classic,3,82,0,0.285,597,939
H2a-py,classic,3,83,0,0.286,597,940
H2a-py,classic,3,84,0,0.264,597,940
H2a-py,classic,3,85,0,0.273,597,939
H2a-py,classic,3,86,0,0.257,597,941
H2a-py,classic,3,87,0,0.251,597,940
H2a-py,classic,3,88,0,0.281,597,940
H2a-py,classic,3,89,0,0.246,597,941
H2a-py,classic,3,90,0,0.276,597,940
H2a-py,classic,3,91,0,0.315,597,940
H2a-py,classic,3,92,0,0.28,597,940
H2a-py,classic,3,93,0,0.285,597,941
H2a-py,classic,3,94,0,0.278,597,940
H2a-py,classic,3,95,0,0.301,597,940
H2a-py,classic,3,96,0,0.299,597,941
H2a-py,classic,3,97,0,0.281,597,939
H2a-py,classic,3,98,0,0.283,597,940
H2a-py,classic,3,99,0,0.265,597,940
H2a-py,classic,3,100,0,0.29,597,939
H2a-py,classic,3,101,0,0.252,597,940
H2a-py,classic,3,102,0,0.263,597,941
H2a-py,classic,3,103,0,0.247,597,939
H2a-py,classic,3,104,0,0.25,597,940
H2a-py,classic,3,105,0,0.275,597,940
H2a-py,classic,3,106,0,0.254,597,940
H2a-py,classic,3,107,0,0.246,597,940
H2a-py,classic,3,108,0,0.266,597,941
H2a-py,classic,3,109,0,0.25,597,940
H2b-node,classic,3,0,1,0.541,597,940
H2b-node,classic,3,1,1,0.346,597,941
H2b-node,classic,3,2,1,0.335,597,940
H2b-node,classic,3,3,1,0.318,597,940
H2b-node,classic,3,4,1,0.254,597,941
H2b-node,classic,3,5,1,0.272,597,940
H2b-node,classic,3,6,1,0.383,597,939
H2b-node,classic,3,7,1,0.326,597,940
H2b-node,classic,3,8,1,0.276,597,939
H2b-node,classic,3,9,1,0.279,597,939
H2b-node,classic,3,10,0,0.261,597,939
H2b-node,classic,3,11,0,0.248,597,940
H2b-node,classic,3,12,0,0.245,597,939
H2b-node,classic,3,13,0,0.243,597,940
H2b-node,classic,3,14,0,0.288,597,941
H2b-node,classic,3,15,0,0.246,597,939
H2b-node,classic,3,16,0,0.243,597,941
H2b-node,classic,3,17,0,0.298,597,940
H2b-node,classic,3,18,0,0.28,597,940
H2b-node,classic,3,19,0,0.286,597,940
H2b-node,classic,3,20,0,0.249,597,941
H2b-node,classic,3,21,0,0.259,597,941
H2b-node,classic,3,22,0,0.271,597,939
H2b-node,classic,3,23,0,0.259,597,940
H2b-node,classic,3,24,0,0.252,597,940
H2b-node,classic,3,25,0,0.258,597,941
H2b-node,classic,3,26,0,0.321,597,940
H2b-node,classic,3,27,0,0.333,597,940
H2b-node,classic,3,28,0,0.279,597,941
H2b-node,classic,3,29,0,0.594,597,941
H2b-node,classic,3,30,0,0.256,597,940
H2b-node,classic,3,31,0,0.3,597,940
H2b-node,classic,3,32,0,0.332,597,939
H2b-node,classic,3,33,0,0.321,597,940
H2b-node,classic,3,34,0,0.298,597,941
H2b-node,classic,3,35,0,0.365,597,939
H2b-node,classic,3,36,0,0.477,597,940
H2b-node,classic,3,37,0,0.315,597,941
H2b-node,classic,3,38,0,0.273,597,939
H2b-node,classic,3,39,0,0.3,597,941
H2b-node,classic,3,40,0,0.256,597,940
H2b-node,classic,3,41,0,0.283,597,941
H2b-node,classic,3,42,0,0.304,597,940
H2b-node,classic,3,43,0,0.275,597,939
H2b-node,classic,3,44,0,0.269,597,940
H2b-node,classic,3,45,0,0.264,597,940
H2b-node,classic,3,46,0,0.26,597,940
H2b-node,classic,3,47,0,0.302,597,939
H2b-node,classic,3,48,0,0.284,597,940
H2b-node,classic,3,49,0,0.277,597,939
H2b-node,classic,3,50,0,0.249,597,940
H2b-node,classic,3,51,0,0.243,597,940
H2b-node,classic,3,52,0,0.271,597,941
H2b-node,classic,3,53,0,0.252,597,941
H2b-node,classic,3,54,0,0.251,597,939
H2b-node,classic,3,55,0,0.245,597,939
H2b-node,classic,3,56,0,0.249,597,940
H2b-node,classic,3,57,0,0.26,597,940
H2b-node,classic,3,58,0,0.264,597,941
H2b-node,classic,3,59,0,0.247,597,941
H2b-node,classic,3,60,0,0.271,597,941
H2b-node,classic,3,61,0,0.292,597,941
H2b-node,classic,3,62,0,0.263,597,940
H2b-node,classic,3,63,0,0.257,597,941
H2b-node,classic,3,64,0,0.263,597,940
H2b-node,classic,3,65,0,0.28,597,939
H2b-node,classic,3,66,0,0.267,597,939
H2b-node,classic,3,67,0,0.266,597,940
H2b-node,classic,3,68,0,0.24,597,941
H2b-node,classic,3,69,0,0.254,597,940
H2b-node,classic,3,70,0,0.271,597,940
H2b-node,classic,3,71,0,0.246,597,939
H2b-node,classic,3,72,0,0.265,597,940
H2b-node,classic,3,73,0,0.256,597,941
H2b-node,classic,3,74,0,0.256,597,940
H2b-node,classic,3,75,0,0.255,597,940
H2b-node,classic,3,76,0,0.274,597,939
H2b-node,classic,3,77,0,0.276,597,940
H2b-node,classic,3,78,0,0.297,597,939
H2b-node,classic,3,79,0,0.271,597,941
H2b-node,classic,3,80,0,0.278,597,940
H2b-node,classic,3,81,0,0.291,597,941
H2b-node,classic,3,82,0,0.258,597,941
H2b-node,classic,3,83,0,0.255,597,941
H2b-node,classic,3,84,0,0.262,597,939
H2b-node,classic,3,85,0,0.296,597,941
H2b-node,classic,3,86,0,0.27,597,940
H2b-node,classic,3,87,0,0.243,597,940
H2b-node,classic,3,88,0,0.264,597,940
H2b-node,classic,3,89,0,0.274,597,940
H2b-node,classic,3,90,0,0.285,597,941
H2b-node,classic,3,91,0,0.245,597,939
H2b-node,classic,3,92,0,0.25,597,941
H2b-node,classic,3,93,0,0.276,597,940
H2b-node,classic,3,94,0,0.261,597,940
H2b-node,classic,3,95,0,0.278,597,939
H2b-node,classic,3,96,0,0.601,597,940
H2b-node,classic,3,97,0,0.313,597,941
H2b-node,classic,3,98,0,0.278,597,941
H2b-node,classic,3,99,0,0.285,597,941
H2b-node,classic,3,100,0,0.281,597,941
H2b-node,classic,3,101,0,0.268,597,940
H2b-node,classic,3,102,0,0.276,597,940
H2b-node,classic,3,103,0,0.277,597,941
H2b-node,classic,3,104,0,0.271,597,940
H2b-node,classic,3,105,0,0.276,597,941
H2b-node,classic,3,106,0,0.267,597,940
H2b-node,classic,3,107,0,0.272,597,940
H2b-node,classic,3,108,0,0.26,597,941
H2b-node,classic,3,109,0,0.262,597,941
H3-pg,classic,3,0,1,0.385,597,949
H3-pg,classic,3,1,1,0.363,597,951
H3-pg,classic,3,2,1,0.347,597,949
H3-pg,classic,3,3,1,0.354,597,949
H3-pg,classic,3,4,1,0.322,597,950
H3-pg,classic,3,5,1,0.376,597,949
H3-pg,classic,3,6,1,0.361,597,949
H3-pg,classic,3,7,1,0.366,597,950
H3-pg,classic,3,8,1,0.362,597,950
H3-pg,classic,3,9,1,0.34,597,949
H3-pg,classic,3,10,0,0.356,597,949
H3-pg,classic,3,11,0,0.318,597,949
H3-pg,classic,3,12,0,0.366,597,950
H3-pg,classic,3,13,0,0.373,597,951
H3-pg,classic,3,14,0,0.338,597,950
H3-pg,classic,3,15,0,0.355,597,950
H3-pg,classic,3,16,0,0.369,597,951
H3-pg,classic,3,17,0,0.345,597,950
H3-pg,classic,3,18,0,0.365,597,951
H3-pg,classic,3,19,0,0.368,597,949
H3-pg,classic,3,20,0,0.358,597,950
H3-pg,classic,3,21,0,0.373,597,951
H3-pg,classic,3,22,0,0.373,597,950
H3-pg,classic,3,23,0,0.346,597,950
H3-pg,classic,3,24,0,0.363,597,950
H3-pg,classic,3,25,0,0.377,597,951
H3-pg,classic,3,26,0,0.341,597,951
H3-pg,classic,3,27,0,0.337,597,951
H3-pg,classic,3,28,0,0.343,597,950
H3-pg,classic,3,29,0,0.339,597,951
H3-pg,classic,3,30,0,0.341,597,950
H3-pg,classic,3,31,0,0.351,597,950
H3-pg,classic,3,32,0,0.359,597,950
H3-pg,classic,3,33,0,0.321,597,950
H3-pg,classic,3,34,0,0.357,597,951
H3-pg,classic,3,35,0,0.378,597,949
H3-pg,classic,3,36,0,0.339,597,950
H3-pg,classic,3,37,0,0.347,597,949
H3-pg,classic,3,38,0,0.354,597,950
H3-pg,classic,3,39,0,0.366,597,949
H3-pg,classic,3,40,0,0.334,597,950
H3-pg,classic,3,41,0,0.327,597,950
H3-pg,classic,3,42,0,0.342,597,951
H3-pg,classic,3,43,0,0.343,597,950
H3-pg,classic,3,44,0,0.338,597,951
H3-pg,classic,3,45,0,0.342,597,951
H3-pg,classic,3,46,0,0.337,597,951
H3-pg,classic,3,47,0,0.354,597,950
H3-pg,classic,3,48,0,0.347,597,950
H3-pg,classic,3,49,0,0.338,597,950
H3-pg,classic,3,50,0,0.339,597,949
H3-pg,classic,3,51,0,0.359,597,950
H3-pg,classic,3,52,0,0.345,597,950
H3-pg,classic,3,53,0,0.35,597,949
H3-pg,classic,3,54,0,0.359,597,949
H3-pg,classic,3,55,0,0.349,597,951
H3-pg,classic,3,56,0,0.344,597,951
H3-pg,classic,3,57,0,0.331,597,951
H3-pg,classic,3,58,0,0.366,597,950
H3-pg,classic,3,59,0,0.337,597,951
H3-pg,classic,3,60,0,0.314,597,951
H3-pg,classic,3,61,0,0.336,597,950
H3-pg,classic,3,62,0,0.324,597,949
H3-pg,classic,3,63,0,0.324,597,951
H3-pg,classic,3,64,0,0.343,597,950
H3-pg,classic,3,65,0,0.337,597,950
H3-pg,classic,3,66,0,0.349,597,951
H3-pg,classic,3,67,0,0.355,597,949
H3-pg,classic,3,68,0,0.394,597,950
H3-pg,classic,3,69,0,0.341,597,950
H3-pg,classic,3,70,0,0.353,597,949
H3-pg,classic,3,71,0,0.358,597,950
H3-pg,classic,3,72,0,0.336,597,950
H3-pg,classic,3,73,0,0.322,597,950
H3-pg,classic,3,74,0,0.359,597,950
H3-pg,classic,3,75,0,0.315,597,950
H3-pg,classic,3,76,0,0.338,597,950
H3-pg,classic,3,77,0,0.325,597,950
H3-pg,classic,3,78,0,0.349,597,949
H3-pg,classic,3,79,0,0.341,597,950
H3-pg,classic,3,80,0,0.307,597,950
H3-pg,classic,3,81,0,0.353,597,951
H3-pg,classic,3,82,0,0.347,597,950
H3-pg,classic,3,83,0,0.354,597,949
H3-pg,classic,3,84,0,0.357,597,950
H3-pg,classic,3,85,0,0.392,597,951
H3-pg,classic,3,86,0,0.346,597,951
H3-pg,classic,3,87,0,0.334,597,951
H3-pg,classic,3,88,0,0.361,597,949
H3-pg,classic,3,89,0,0.317,597,950
H3-pg,classic,3,90,0,0.468,597,949
H3-pg,classic,3,91,0,0.393,597,949
H3-pg,classic,3,92,0,0.336,597,951
H3-pg,classic,3,93,0,0.333,597,950
H3-pg,classic,3,94,0,0.346,597,950
H3-pg,classic,3,95,0,0.328,597,950
H3-pg,classic,3,96,0,0.325,597,950
H3-pg,classic,3,97,0,0.346,597,949
H3-pg,classic,3,98,0,0.344,597,950
H3-pg,classic,3,99,0,0.329,597,950
H3-pg,classic,3,100,0,0.341,597,951
H3-pg,classic,3,101,0,0.343,597,949
H3-pg,classic,3,102,0,0.341,597,951
H3-pg,classic,3,103,0,0.359,597,949
H3-pg,classic,3,104,0,0.356,597,949
H3-pg,classic,3,105,0,0.339,597,950
H3-pg,classic,3,106,0,0.318,597,950
H3-pg,classic,3,107,0,0.357,597,951
H3-pg,classic,3,108,0,0.331,597,950
H3-pg,classic,3,109,0,0.332,597,950
H4-redis,classic,3,0,1,0.324,597,963
H4-redis,classic,3,1,1,0.295,597,962
H4-redis,classic,3,2,1,0.258,597,962
H4-redis,classic,3,3,1,0.269,597,962
H4-redis,classic,3,4,1,0.26,597,961
H4-redis,classic,3,5,1,0.281,597,963
H4-redis,classic,3,6,1,0.262,597,962
H4-redis,classic,3,7,1,0.281,597,962
H4-redis,classic,3,8,1,0.319,597,962
H4-redis,classic,3,9,1,0.267,597,962
H4-redis,classic,3,10,0,0.326,597,961
H4-redis,classic,3,11,0,0.302,597,963
H4-redis,classic,3,12,0,0.28,597,962
H4-redis,classic,3,13,0,0.271,597,962
H4-redis,classic,3,14,0,0.268,597,961
H4-redis,classic,3,15,0,0.304,597,963
H4-redis,classic,3,16,0,0.301,597,962
H4-redis,classic,3,17,0,0.298,597,962
H4-redis,classic,3,18,0,0.285,597,962
H4-redis,classic,3,19,0,0.288,597,962
H4-redis,classic,3,20,0,0.288,597,961
H4-redis,classic,3,21,0,0.262,597,961
H4-redis,classic,3,22,0,0.296,597,962
H4-redis,classic,3,23,0,0.261,597,962
H4-redis,classic,3,24,0,0.257,597,962
H4-redis,classic,3,25,0,0.293,597,963
H4-redis,classic,3,26,0,0.266,597,961
H4-redis,classic,3,27,0,0.276,597,961
H4-redis,classic,3,28,0,0.259,597,963
H4-redis,classic,3,29,0,0.262,597,963
H4-redis,classic,3,30,0,0.279,597,962
H4-redis,classic,3,31,0,0.286,597,962
H4-redis,classic,3,32,0,0.28,597,963
H4-redis,classic,3,33,0,0.261,597,962
H4-redis,classic,3,34,0,0.258,597,963
H4-redis,classic,3,35,0,0.294,597,961
H4-redis,classic,3,36,0,0.242,597,962
H4-redis,classic,3,37,0,0.267,597,962
H4-redis,classic,3,38,0,0.273,597,963
H4-redis,classic,3,39,0,0.264,597,962
H4-redis,classic,3,40,0,0.261,597,962
H4-redis,classic,3,41,0,0.253,597,963
H4-redis,classic,3,42,0,0.296,597,963
H4-redis,classic,3,43,0,0.268,597,962
H4-redis,classic,3,44,0,0.254,597,961
H4-redis,classic,3,45,0,0.289,597,961
H4-redis,classic,3,46,0,0.251,597,962
H4-redis,classic,3,47,0,0.271,597,962
H4-redis,classic,3,48,0,0.253,597,962
H4-redis,classic,3,49,0,0.249,597,961
H4-redis,classic,3,50,0,0.295,597,962
H4-redis,classic,3,51,0,0.255,597,962
H4-redis,classic,3,52,0,0.252,597,963
H4-redis,classic,3,53,0,0.297,597,962
H4-redis,classic,3,54,0,0.259,597,963
H4-redis,classic,3,55,0,0.274,597,962
H4-redis,classic,3,56,0,0.274,597,963
H4-redis,classic,3,57,0,0.26,597,961
H4-redis,classic,3,58,0,0.272,597,962
H4-redis,classic,3,59,0,0.264,597,962
H4-redis,classic,3,60,0,0.275,597,962
H4-redis,classic,3,61,0,0.258,597,962
H4-redis,classic,3,62,0,0.252,597,962
H4-redis,classic,3,63,0,0.268,597,962
H4-redis,classic,3,64,0,0.28,597,962
H4-redis,classic,3,65,0,0.278,597,962
H4-redis,classic,3,66,0,0.249,597,961
H4-redis,classic,3,67,0,0.265,597,963
H4-redis,classic,3,68,0,0.266,597,962
H4-redis,classic,3,69,0,0.271,597,961
H4-redis,classic,3,70,0,0.261,597,962
H4-redis,classic,3,71,0,0.255,597,962
H4-redis,classic,3,72,0,0.258,597,963
H4-redis,classic,3,73,0,0.3,597,961
H4-redis,classic,3,74,0,0.248,597,962
H4-redis,classic,3,75,0,0.252,597,963
H4-redis,classic,3,76,0,0.251,597,962
H4-redis,classic,3,77,0,0.255,597,962
H4-redis,classic,3,78,0,0.274,597,963
H4-redis,classic,3,79,0,0.248,597,962
H4-redis,classic,3,80,0,0.261,597,963
H4-redis,classic,3,81,0,0.281,597,962
H4-redis,classic,3,82,0,0.257,597,963
H4-redis,classic,3,83,0,0.263,597,961
H4-redis,classic,3,84,0,0.261,597,962
H4-redis,classic,3,85,0,0.251,597,961
H4-redis,classic,3,86,0,0.259,597,962
H4-redis,classic,3,87,0,0.262,597,961
H4-redis,classic,3,88,0,0.257,597,962
H4-redis,classic,3,89,0,0.254,597,961
H4-redis,classic,3,90,0,0.264,597,962
H4-redis,classic,3,91,0,0.279,597,962
H4-redis,classic,3,92,0,0.254,597,963
H4-redis,classic,3,93,0,0.254,597,961
H4-redis,classic,3,94,0,0.272,597,963
H4-redis,classic,3,95,0,0.279,597,963
H4-redis,classic,3,96,0,0.25,597,961
H4-redis,classic,3,97,0,0.259,597,961
H4-redis,classic,3,98,0,0.263,597,961
H4-redis,classic,3,99,0,0.281,597,961
H4-redis,classic,3,100,0,0.249,597,962
H4-redis,classic,3,101,0,0.246,597,962
H4-redis,classic,3,102,0,0.278,597,962
H4-redis,classic,3,103,0,0.257,597,962
H4-redis,classic,3,104,0,0.248,597,961
H4-redis,classic,3,105,0,0.259,597,961
H4-redis,classic,3,106,0,0.253,597,963
H4-redis,classic,3,107,0,0.281,597,962
H4-redis,classic,3,108,0,0.265,597,962
H4-redis,classic,3,109,0,0.245,597,962
